user_id,SKU,AddedTime,Price,CurrencyISO
6192636,personal_offer_starter_pack,2023-01-31 13:16:55.991756+00:00,2.29,GBP
5954105,bundle_pack_1,2023-01-06 19:20:33.631714+00:00,1.79,EUR
5954105,coin_pack_1,2023-01-07 15:56:47.792655+00:00,0.79,EUR
5903715,bundle_pack_1,2023-01-01 18:48:38.391356+00:00,1.99,USD
5984323,golden_ticket_season_pass,2023-01-11 21:13:47.161073+00:00,9.99,USD
5698600,coin_pack_2,2023-01-04 20:02:03.483503+00:00,2.99,USD
5698600,coin_pack_2,2023-01-01 20:49:43.424887+00:00,2.99,USD
5698600,piggy_bank,2023-01-04 19:40:29.441956+00:00,1.49,USD
5698600,bundle_pack_2,2023-01-01 20:44:13.113402+00:00,2.99,USD
5825686,coin_pack_2,2023-01-09 14:51:01.731918+00:00,2.99,USD
5800279,coin_pack_1,2023-01-02 22:24:53.323455+00:00,0.99,USD
5800279,coin_pack_1,2023-01-04 23:51:33.079490+00:00,0.99,USD
5800279,coin_pack_1,2023-01-06 18:01:54.044134+00:00,0.99,USD
5919498,personal_offer_starter_pack,2023-01-01 19:16:29.928325+00:00,4.99,EUR
5919498,personal_offer_starter_pack,2023-01-01 19:19:07.201602+00:00,4.99,EUR
5771168,bundle_pack_1,2023-01-07 01:07:48.843890+00:00,1.49,USD
5771168,coin_pack_2,2023-01-07 01:25:20.920993+00:00,2.99,USD
4680120,bundle_pack_2,2023-01-12 17:09:26.369252+00:00,5.99,GBP
6070555,personal_offer_starter_pack,2023-01-22 16:35:58.939046+00:00,1.99,USD
5921655,personal_offer_starter_pack,2023-01-06 23:34:16.398605+00:00,3.99,USD
3765331,bundle_pack_1,2023-01-11 21:43:31.069992+00:00,1.99,USD
5828042,golden_ticket_season_pass,2023-01-08 18:24:52.126856+00:00,9.99,GBP
5951799,personal_offer_starter_pack,2023-01-06 03:17:09.636537+00:00,3.99,USD
5951799,golden_ticket_season_pass,2023-01-07 20:14:44.520083+00:00,9.99,USD
5896911,coin_pack_2,2023-01-14 22:56:02.542384+00:00,4.99,USD
6028601,bundle_pack_2,2023-01-14 01:16:21.815878+00:00,2.99,USD
3649771,bundle_pack_1,2023-01-02 13:18:03.637154+00:00,1.49,USD
3649771,golden_ticket_season_pass,2023-01-02 10:48:27.217055+00:00,9.99,USD
5698492,coin_pack_1,2023-02-05 20:03:16.306821+00:00,0.99,CAD
5706118,coin_pack_2,2023-01-06 01:54:44.494301+00:00,4.99,USD
5706118,personal_offer_low_coin,2023-01-07 19:53:32.980449+00:00,4.99,USD
5444909,coin_pack_2,2023-01-03 16:47:15.747783+00:00,2.99,USD
5444909,coin_pack_2,2023-01-24 11:43:01.159306+00:00,2.99,USD
5444909,bundle_pack_1,2023-01-19 22:45:10.954643+00:00,1.49,USD
4235125,coin_pack_1,2023-01-16 22:31:29.787798+00:00,0.69,GBP
5758280,piggy_bank,2023-01-01 05:42:30.992947+00:00,1.49,USD
5907904,golden_ticket_season_pass,2023-01-06 03:03:01.103069+00:00,9.99,USD
6106435,personal_offer_starter_pack,2023-01-21 18:23:15.227787+00:00,3.99,USD
6106435,personal_offer_low_coin,2023-01-27 15:22:57.625676+00:00,4.99,USD
6069948,coin_pack_1,2023-02-06 15:02:08.383794+00:00,0.69,GBP
6069948,coin_pack_1,2023-01-28 16:01:29.073585+00:00,0.69,GBP
6024624,bundle_pack_1,2023-01-13 20:09:12.389512+00:00,1.99,USD
6024624,bundle_pack_1,2023-01-14 05:26:38.073151+00:00,1.99,USD
6024624,bundle_pack_1,2023-01-15 03:30:23.890834+00:00,1.99,USD
5929278,bundle_pack_2,2023-01-08 18:12:32.513676+00:00,6.99,USD
5929278,bundle_pack_2,2023-01-09 19:13:21.215773+00:00,6.99,USD
5929278,bundle_pack_2,2023-01-14 11:07:05.216483+00:00,6.99,USD
5972026,coin_pack_1,2023-01-08 06:07:26.374173+00:00,0.99,USD
5972026,coin_pack_1,2023-01-08 06:23:52.501629+00:00,0.99,USD
5972026,coin_pack_1,2023-01-08 06:26:07.370698+00:00,0.99,USD
5972026,coin_pack_1,2023-01-08 07:09:43.541609+00:00,0.99,USD
4657467,personal_offer_low_coin,2023-01-12 16:46:58.267558+00:00,4.99,USD
6192272,personal_offer_low_coin,2023-01-31 16:11:54.644153+00:00,4.99,USD
5894001,coin_pack_1,2023-01-02 14:12:59.887578+00:00,0.69,GBP
5894001,coin_pack_1,2023-01-06 12:14:23.843126+00:00,0.69,GBP
5894001,coin_pack_1,2023-01-02 14:02:13.544088+00:00,0.69,GBP
5894001,coin_pack_1,2023-01-03 16:57:51.157108+00:00,0.69,GBP
5894001,coin_pack_1,2023-01-06 12:35:12.687202+00:00,0.69,GBP
5903040,coin_pack_3,2023-01-21 02:15:28.934809+00:00,9.99,USD
5507218,bundle_pack_1,2023-01-04 18:54:08.650779+00:00,1.99,USD
5507218,coin_pack_1,2023-01-24 15:23:02.511766+00:00,0.99,USD
5539253,bundle_pack_3,2023-01-13 02:25:50.826190+00:00,6.49,USD
5539253,coin_pack_1,2023-01-09 04:12:57.456284+00:00,0.99,USD
6169851,coin_pack_1,2023-01-27 19:37:44.477255+00:00,0.99,USD
6000799,personal_offer_starter_pack,2023-01-12 13:47:59.525516+00:00,3.99,USD
6000799,personal_offer_low_coin,2023-01-17 18:07:24.942209+00:00,4.99,USD
6207986,personal_offer_starter_pack,2023-02-01 15:46:15.258782+00:00,3.99,USD
6207986,golden_ticket_season_pass,2023-02-01 15:47:38.866536+00:00,9.99,USD
6074642,bundle_pack_2,2023-01-20 12:42:25.222366+00:00,2.99,USD
6074642,coin_pack_1,2023-01-17 23:23:35.560700+00:00,0.99,USD
6074642,bundle_pack_1,2023-01-20 12:37:37.769238+00:00,1.49,USD
3287387,coin_pack_3,2023-01-07 03:43:32.057829+00:00,9.99,USD
3287387,bundle_pack_2,2023-01-07 20:44:56.248469+00:00,6.99,USD
3287387,personal_offer_low_coin,2023-01-07 23:12:03.391289+00:00,4.99,USD
3287387,coin_pack_3,2023-01-08 23:05:29.667386+00:00,9.99,USD
3287387,coin_pack_2,2023-01-13 04:55:58.277911+00:00,4.99,USD
3287387,coin_pack_3,2023-01-14 03:42:39.033817+00:00,9.99,USD
3287387,personal_offer_low_coin,2023-01-15 04:14:06.989018+00:00,4.99,USD
3287387,coin_pack_3,2023-01-15 22:25:14.099851+00:00,9.99,USD
3287387,bundle_pack_2,2023-01-16 01:23:46.110501+00:00,6.99,USD
6187435,piggy_bank,2023-02-01 12:39:23.748236+00:00,1.39,GBP
6096825,personal_offer_starter_pack,2023-01-20 18:56:56.023401+00:00,3.99,USD
6096825,personal_offer_low_coin,2023-01-21 18:49:51.882730+00:00,4.99,USD
6096825,bundle_pack_2,2023-01-22 14:48:47.479009+00:00,6.99,USD
6096825,bundle_pack_1,2023-01-22 19:18:44.000382+00:00,1.99,USD
5990702,bundle_pack_1,2023-01-14 04:52:54.792753+00:00,1.99,USD
6211910,coin_pack_1,2023-01-07 23:12:38.408342+00:00,0.89,GBP
6211910,coin_pack_1,2023-01-07 23:13:15.046897+00:00,0.89,GBP
5483980,bundle_pack_1,2023-01-12 00:44:19.607439+00:00,1.49,USD
5483980,coin_pack_1,2023-01-12 00:31:28.883660+00:00,0.99,USD
6018980,golden_ticket_season_pass,2023-01-14 15:43:40.506354+00:00,9.99,USD
6018980,personal_offer_starter_pack,2023-01-13 19:43:52.712208+00:00,1.99,USD
6018980,bundle_pack_4,2023-01-15 02:12:09.813254+00:00,12.99,USD
6018980,coin_pack_2,2023-01-15 01:32:35.683482+00:00,2.99,USD
6018980,personal_offer_low_coin,2023-01-14 20:29:13.446066+00:00,3.99,USD
6018980,piggy_bank,2023-01-14 03:41:03.122079+00:00,1.49,USD
6060338,personal_offer_low_coin,2023-01-19 02:09:44.247788+00:00,3.99,USD
6003453,golden_ticket_season_pass,2023-01-12 00:23:16.201826+00:00,9.99,USD
6120102,personal_offer_low_coin,2023-01-24 13:38:26.157448+00:00,800.0,JPY
6091825,personal_offer_low_coin,2023-01-20 16:36:44.917161+00:00,4.99,USD
6091825,personal_offer_starter_pack,2023-01-20 16:37:13.149738+00:00,3.99,USD
5693141,coin_pack_1,2023-02-04 18:18:21.304372+00:00,0.79,EUR
5675147,piggy_bank,2023-01-31 05:20:54.586671+00:00,1.49,USD
5675147,piggy_bank,2023-01-22 00:54:21.521417+00:00,1.49,USD
5788751,coin_pack_1,2023-01-23 20:11:04.260653+00:00,0.89,GBP
1763751,personal_offer_low_coin,2023-01-06 21:44:55.046259+00:00,4.99,USD
6196210,coin_pack_1,2023-01-31 01:07:22.033693+00:00,0.99,USD
6141666,personal_offer_starter_pack,2023-01-28 06:28:13.891950+00:00,1.99,USD
6207722,personal_offer_starter_small_bundle,2023-02-03 21:10:53.463082+00:00,2.99,USD
6207722,bundle_pack_1,2023-02-01 23:49:29.003428+00:00,1.49,USD
6207722,piggy_bank,2023-02-03 21:11:25.044796+00:00,1.49,USD
5276772,coin_pack_1,2023-01-26 14:27:14.314606+00:00,0.99,USD
6135522,coin_pack_2,2023-01-31 18:32:50.340365+00:00,3.39,EUR
6120549,personal_offer_starter_pack,2023-01-23 11:28:54.136215+00:00,2.69,EUR
4787007,personal_offer_low_coin,2023-01-31 02:42:32.699795+00:00,4.99,USD
4787007,bundle_pack_3,2023-01-31 02:50:50.621126+00:00,15.99,USD
4787007,coin_pack_3,2023-02-01 02:29:33.788700+00:00,9.99,USD
4787007,personal_offer_low_coin,2023-02-09 00:24:32.924786+00:00,4.99,USD
4787007,bundle_pack_4,2023-02-10 00:13:41.520974+00:00,31.99,USD
4787007,coin_pack_4,2023-02-10 22:13:47.613540+00:00,19.99,USD
4787007,coin_pack_3,2023-02-10 22:37:19.441843+00:00,9.99,USD
5939598,golden_ticket_season_pass,2023-01-05 13:01:00.539603+00:00,8.99,GBP
5641394,bundle_pack_2,2023-01-01 18:26:37.477775+00:00,2.99,USD
5641394,coin_pack_1,2023-01-09 20:15:37.015002+00:00,0.99,USD
5971890,coin_pack_1,2023-01-15 03:38:35.381984+00:00,0.99,USD
5965585,coin_pack_1,2023-01-07 07:16:20.438999+00:00,0.99,USD
6102388,piggy_bank,2023-01-21 17:54:34.088694+00:00,1.49,USD
6102388,bundle_pack_1,2023-01-21 20:44:57.765159+00:00,1.49,USD
6102388,bundle_pack_1,2023-01-22 04:52:56.396475+00:00,1.49,USD
6102388,personal_offer_starter_pack,2023-01-21 08:45:01.385100+00:00,1.99,USD
6102388,personal_offer_low_coin,2023-01-21 22:31:13.033093+00:00,3.99,USD
4290145,bundle_pack_1,2023-02-11 23:08:04.860192+00:00,1.49,USD
4290145,bundle_pack_1,2023-01-17 22:03:29.034823+00:00,1.49,USD
4290145,personal_offer_low_coin,2023-01-14 22:05:50.702564+00:00,3.99,USD
5605105,coin_pack_1,2023-01-07 01:19:15.867100+00:00,0.99,USD
5605105,coin_pack_1,2023-01-07 01:20:18.684096+00:00,0.99,USD
5921869,bundle_pack_1,2023-01-04 02:47:15.636357+00:00,1.99,USD
3887821,bundle_pack_4,2023-01-27 21:38:14.962497+00:00,31.99,USD
3887821,bundle_pack_4,2023-02-07 21:01:28.947969+00:00,31.99,USD
5783125,coin_pack_1,2023-01-04 15:44:53.222873+00:00,0.99,USD
5783125,coin_pack_2,2023-01-15 23:28:33.632673+00:00,4.99,USD
5783125,personal_offer_low_coin,2023-01-15 23:42:18.852134+00:00,4.99,USD
5783125,personal_offer_low_coin,2023-01-30 21:14:55.644645+00:00,4.99,USD
6161672,bundle_pack_2,2023-01-29 02:42:31.396651+00:00,6.99,USD
6161672,bundle_pack_1,2023-01-30 01:23:17.180867+00:00,1.99,USD
3466319,bundle_pack_1,2023-01-26 02:25:28.536825+00:00,1.49,USD
6014672,personal_offer_starter_pack,2023-02-05 16:46:09.955663+00:00,1.99,USD
6294230,bundle_pack_2,2023-02-11 23:28:39.506895+00:00,5.99,GBP
5777565,bundle_pack_2,2023-01-10 20:31:25.634379+00:00,2.99,USD
6245821,bundle_pack_2,2023-02-05 20:00:23.105942+00:00,9.99,CAD
6245821,personal_offer_starter_small_bundle,2023-02-06 23:01:19.444918+00:00,3.99,CAD
6245821,bundle_pack_2,2023-02-09 20:14:25.542695+00:00,9.99,CAD
6245821,personal_offer_unlimited_heart,2023-02-09 20:15:00.814079+00:00,8.49,CAD
6245821,golden_ticket_season_pass,2023-02-09 20:27:46.781409+00:00,13.99,CAD
5991949,bundle_pack_1,2023-01-10 23:19:47.786961+00:00,1.99,USD
5991949,golden_ticket_season_pass,2023-01-11 16:14:49.398254+00:00,9.99,USD
5991949,coin_pack_2,2023-01-11 18:20:56.729780+00:00,4.99,USD
5991949,bundle_pack_2,2023-01-12 20:04:12.237694+00:00,6.99,USD
5991949,coin_pack_3,2023-01-13 15:21:08.070587+00:00,9.99,USD
5991949,coin_pack_1,2023-01-14 16:31:05.991115+00:00,0.99,USD
5991949,coin_pack_1,2023-01-14 16:32:09.769005+00:00,0.99,USD
5991949,bundle_pack_1,2023-01-15 21:07:08.750433+00:00,1.99,USD
5991949,bundle_pack_2,2023-01-17 18:26:09.263480+00:00,6.99,USD
5991949,bundle_pack_1,2023-01-22 16:42:46.566415+00:00,1.99,USD
5991949,coin_pack_1,2023-01-22 16:43:54.689484+00:00,0.99,USD
5991949,coin_pack_2,2023-01-24 19:12:32.855413+00:00,4.99,USD
5991949,coin_pack_1,2023-01-25 22:09:05.149769+00:00,0.99,USD
5991949,coin_pack_3,2023-01-26 13:09:39.246898+00:00,9.99,USD
5991949,personal_offer_low_coin,2023-01-27 14:45:26.214010+00:00,4.99,USD
5991949,coin_pack_1,2023-01-27 18:56:42.173708+00:00,0.99,USD
5991949,bundle_pack_2,2023-01-28 12:55:29.139483+00:00,6.99,USD
5991949,personal_offer_low_coin,2023-01-29 22:27:36.097990+00:00,4.99,USD
5991949,coin_pack_1,2023-01-30 16:19:10.655732+00:00,0.99,USD
5991949,coin_pack_2,2023-01-30 16:20:24.127947+00:00,4.99,USD
5991949,coin_pack_2,2023-02-01 18:23:36.778012+00:00,4.99,USD
5991949,coin_pack_2,2023-02-01 18:33:14.778382+00:00,4.99,USD
5520479,piggy_bank,2023-01-06 01:13:35.805264+00:00,1.49,USD
5520479,personal_offer_low_coin,2023-02-04 19:13:23.449067+00:00,3.99,USD
5520479,piggy_bank,2023-01-26 00:30:09.316804+00:00,1.49,USD
5520479,personal_offer_starter_small_bundle,2023-01-04 23:32:16.019899+00:00,2.99,USD
5520479,personal_offer_low_coin,2023-01-09 23:54:41.005886+00:00,3.99,USD
5520479,coin_pack_2,2023-01-18 00:17:04.267510+00:00,2.99,USD
5520479,personal_offer_low_coin,2023-01-22 23:17:55.243602+00:00,3.99,USD
5520479,coin_pack_2,2023-02-04 19:11:01.943156+00:00,2.99,USD
5520479,coin_pack_2,2023-02-03 23:27:26.625018+00:00,2.99,USD
3432216,personal_offer_low_coin,2023-02-09 20:39:41.557390+00:00,4.99,USD
4444157,bundle_pack_2,2023-02-03 00:50:41.615876+00:00,2.99,USD
6232165,golden_ticket_season_pass,2023-02-05 01:39:34.380326+00:00,9.99,USD
5112176,bundle_pack_1,2023-01-05 22:24:52.100611+00:00,1.99,USD
5112176,bundle_pack_2,2023-01-06 21:21:29.289603+00:00,6.99,USD
5112176,bundle_pack_1,2023-01-12 22:54:03.888139+00:00,1.99,USD
5112176,coin_pack_3,2023-01-14 19:43:03.207971+00:00,9.99,USD
5112176,bundle_pack_2,2023-01-21 00:53:10.431306+00:00,6.99,USD
5112176,bundle_pack_2,2023-01-26 23:05:16.366570+00:00,6.99,USD
5112176,coin_pack_2,2023-01-26 23:07:24.370314+00:00,4.99,USD
5112176,coin_pack_2,2023-02-01 22:29:26.081242+00:00,4.99,USD
4160669,bundle_pack_2,2023-02-06 18:41:23.257570+00:00,2.99,USD
4160669,personal_offer_low_coin,2023-02-06 18:21:26.871011+00:00,3.99,USD
4160669,golden_ticket_season_pass,2023-02-06 18:18:21.292116+00:00,9.99,USD
5897999,bundle_pack_1,2023-01-25 03:42:02.312944+00:00,1.99,USD
6089436,coin_pack_1,2023-01-24 04:08:40.683787+00:00,0.99,USD
6004378,bundle_pack_1,2023-01-15 12:37:57.300485+00:00,1.49,USD
6070644,bundle_pack_2,2023-01-18 01:08:56.976247+00:00,6.99,USD
6070644,bundle_pack_2,2023-01-18 01:17:29.406077+00:00,6.99,USD
6070644,bundle_pack_1,2023-01-24 23:04:58.939259+00:00,1.99,USD
6070644,bundle_pack_2,2023-01-30 21:11:05.974659+00:00,6.99,USD
6070644,bundle_pack_2,2023-01-30 21:12:41.841894+00:00,6.99,USD
6070644,bundle_pack_2,2023-02-08 23:17:00.653787+00:00,6.99,USD
6070644,bundle_pack_2,2023-02-08 23:25:40.070503+00:00,6.99,USD
3600644,bundle_pack_2,2023-01-03 21:31:58.221380+00:00,3.99,CAD
3600644,bundle_pack_1,2023-01-17 00:31:12.562866+00:00,1.99,CAD
5951192,personal_offer_low_coin,2023-01-30 01:22:07.914320+00:00,4.99,USD
5951192,bundle_pack_2,2023-01-30 01:43:18.931133+00:00,6.99,USD
5951192,bundle_pack_2,2023-02-02 01:41:10.676710+00:00,6.99,USD
6265530,coin_pack_3,2023-02-09 23:33:12.013613+00:00,7.99,USD
6265530,bundle_pack_3,2023-02-09 21:14:02.678023+00:00,6.49,USD
6265530,bundle_pack_2,2023-02-08 23:31:27.181868+00:00,2.99,USD
4998448,bundle_pack_1,2023-01-06 01:36:01.986276+00:00,1.79,GBP
4998448,coin_pack_1,2023-01-14 21:08:28.805720+00:00,0.89,GBP
5906140,personal_offer_low_coin,2023-01-11 05:20:12.007850+00:00,3.99,USD
5906140,piggy_bank,2023-01-12 12:22:10.035325+00:00,1.49,USD
4020042,coin_pack_1,2023-02-07 00:14:18.262070+00:00,0.69,GBP
3778252,bundle_pack_3,2023-02-11 21:49:26.432274+00:00,6.49,USD
6081669,golden_ticket_season_pass,2023-02-03 01:27:49.541415+00:00,9.99,USD
6049933,coin_pack_1,2023-01-17 03:25:56.435487+00:00,0.99,USD
6049933,bundle_pack_1,2023-01-18 01:09:11.542547+00:00,1.99,USD
6049933,coin_pack_1,2023-01-18 01:14:07.697208+00:00,0.99,USD
6049933,coin_pack_1,2023-01-18 02:07:28.767999+00:00,0.99,USD
6049933,coin_pack_1,2023-01-18 21:52:36.593545+00:00,0.99,USD
6049933,coin_pack_1,2023-01-19 04:12:44.205578+00:00,0.99,USD
6049933,coin_pack_1,2023-01-19 21:58:17.970154+00:00,0.99,USD
6049933,coin_pack_1,2023-01-19 21:59:15.348604+00:00,0.99,USD
6049933,coin_pack_1,2023-01-20 01:28:55.696359+00:00,0.99,USD
6049933,bundle_pack_1,2023-01-20 03:55:17.109190+00:00,1.99,USD
6049933,bundle_pack_1,2023-01-20 04:32:49.921254+00:00,1.99,USD
6049933,coin_pack_1,2023-01-20 04:40:09.113641+00:00,0.99,USD
6258034,coin_pack_1,2023-02-12 01:10:28.836164+00:00,0.99,USD
6258034,coin_pack_1,2023-02-09 22:43:28.301004+00:00,0.99,USD
6258034,personal_offer_starter_pack,2023-02-08 23:47:48.100026+00:00,1.99,USD
4995172,bundle_pack_1,2023-01-30 18:11:39.554858+00:00,1.49,USD
4995172,bundle_pack_1,2023-02-07 15:45:02.598385+00:00,1.49,USD
4995172,coin_pack_1,2023-02-07 15:41:03.200326+00:00,0.99,USD
4995172,coin_pack_1,2023-01-23 21:12:24.916624+00:00,0.99,USD
4948919,bundle_pack_1,2023-01-12 02:15:18.598538+00:00,1.49,USD
4948919,bundle_pack_2,2023-02-04 02:25:47.336476+00:00,2.99,USD
4948919,bundle_pack_1,2023-02-04 02:40:09.610369+00:00,1.49,USD
4948919,bundle_pack_1,2023-01-05 01:25:20.498470+00:00,1.49,USD
4948919,bundle_pack_1,2023-02-04 02:41:25.681716+00:00,1.49,USD
6161605,coin_pack_2,2023-01-27 01:26:44.734518+00:00,6.99,CAD
6161605,coin_pack_1,2023-01-27 21:08:54.092079+00:00,1.39,CAD
6161605,coin_pack_1,2023-01-28 01:43:56.749330+00:00,1.39,CAD
6161605,coin_pack_1,2023-01-30 03:58:57.214848+00:00,1.39,CAD
6161605,coin_pack_1,2023-01-30 19:29:00.952581+00:00,1.39,CAD
6161605,coin_pack_1,2023-01-30 19:33:43.805866+00:00,1.39,CAD
6161605,coin_pack_1,2023-01-30 19:34:39.104220+00:00,1.39,CAD
6161605,coin_pack_1,2023-01-30 23:50:32.566383+00:00,1.39,CAD
6161605,coin_pack_1,2023-01-31 18:25:20.110813+00:00,1.39,CAD
6161605,coin_pack_1,2023-01-31 23:55:32.916246+00:00,1.39,CAD
6048754,bundle_pack_1,2023-01-21 22:22:52.818210+00:00,1.99,USD
6060974,personal_offer_starter_pack,2023-01-18 03:26:43.018430+00:00,1.99,USD
6060974,golden_ticket_season_pass,2023-01-19 02:46:00.177728+00:00,9.99,USD
6060974,personal_offer_low_coin,2023-01-21 05:16:46.293019+00:00,3.99,USD
6136674,personal_offer_starter_pack,2023-01-25 18:16:39.856906+00:00,3.99,USD
6136674,bundle_pack_1,2023-01-26 00:02:56.541340+00:00,1.99,USD
6136674,personal_offer_low_coin,2023-01-27 23:25:48.980740+00:00,4.99,USD
6136674,bundle_pack_3,2023-02-06 14:52:58.218612+00:00,15.99,USD
6136674,golden_ticket_season_pass,2023-02-06 14:56:18.047104+00:00,9.99,USD
6136674,personal_offer_low_coin,2023-02-06 21:31:45.864812+00:00,4.99,USD
6136674,bundle_pack_2,2023-02-06 22:33:19.727442+00:00,6.99,USD
6136674,bundle_pack_2,2023-02-08 22:48:02.839757+00:00,6.99,USD
6136674,bundle_pack_3,2023-02-09 21:16:00.425707+00:00,15.99,USD
6136674,coin_pack_3,2023-02-09 22:52:11.618416+00:00,9.99,USD
5594266,piggy_bank,2023-02-06 23:42:31.148104+00:00,1.49,USD
5594266,piggy_bank,2023-01-03 05:35:50.856865+00:00,1.49,USD
5995424,coin_pack_1,2023-01-11 07:30:59.862793+00:00,0.99,USD
6294656,coin_pack_1,2023-02-11 06:56:14.022895+00:00,0.99,USD
6294656,coin_pack_1,2023-02-11 23:07:17.056300+00:00,0.99,USD
6294656,coin_pack_1,2023-02-11 23:12:16.845178+00:00,0.99,USD
6294656,coin_pack_1,2023-02-11 23:18:16.959946+00:00,0.99,USD
6294656,coin_pack_1,2023-02-11 23:20:19.191677+00:00,0.99,USD
6294656,coin_pack_1,2023-02-11 23:25:23.068453+00:00,0.99,USD
6294656,coin_pack_1,2023-02-11 23:33:39.654984+00:00,0.99,USD
6294656,coin_pack_1,2023-02-11 23:34:07.593795+00:00,0.99,USD
6294656,coin_pack_1,2023-02-11 23:34:39.659547+00:00,0.99,USD
6294656,coin_pack_1,2023-02-11 23:36:39.043981+00:00,0.99,USD
6294656,coin_pack_1,2023-02-11 23:37:18.227895+00:00,0.99,USD
6294656,coin_pack_1,2023-02-11 23:42:25.807400+00:00,0.99,USD
6294656,coin_pack_1,2023-02-11 23:50:01.866215+00:00,0.99,USD
6294656,coin_pack_1,2023-02-11 23:57:03.844348+00:00,0.99,USD
6294656,coin_pack_1,2023-02-12 00:20:26.880333+00:00,0.99,USD
6294656,coin_pack_1,2023-02-12 00:39:18.111136+00:00,0.99,USD
6294656,coin_pack_1,2023-02-12 00:41:59.183886+00:00,0.99,USD
6294656,coin_pack_1,2023-02-12 00:45:05.627043+00:00,0.99,USD
6294656,coin_pack_1,2023-02-12 00:51:15.483296+00:00,0.99,USD
6294656,coin_pack_1,2023-02-12 00:53:50.877344+00:00,0.99,USD
6294656,coin_pack_1,2023-02-12 00:57:08.864980+00:00,0.99,USD
6294656,coin_pack_1,2023-02-12 00:59:34.646206+00:00,0.99,USD
6294656,coin_pack_1,2023-02-12 01:06:09.402765+00:00,0.99,USD
6294656,coin_pack_1,2023-02-12 01:16:56.678827+00:00,0.99,USD
6294656,coin_pack_1,2023-02-12 01:26:01.567958+00:00,0.99,USD
6294656,coin_pack_1,2023-02-12 01:28:34.002719+00:00,0.99,USD
6294656,coin_pack_1,2023-02-12 01:50:53.597114+00:00,0.99,USD
4779701,golden_ticket_season_pass,2023-01-11 07:31:25.991350+00:00,14.99,AUD
4779701,bundle_pack_2,2023-01-11 07:32:24.284644+00:00,10.99,AUD
5945401,personal_offer_starter_pack,2023-01-05 04:36:34.503948+00:00,3.99,USD
5945401,golden_ticket_season_pass,2023-01-05 04:38:21.132776+00:00,9.99,USD
5131647,personal_offer_low_coin,2023-01-05 18:13:22.012772+00:00,4.99,USD
5131647,bundle_pack_1,2023-01-07 02:00:51.468540+00:00,1.99,USD
5131647,bundle_pack_1,2023-01-29 15:10:50.844871+00:00,1.99,USD
5946433,personal_offer_starter_pack,2023-01-05 20:48:37.862484+00:00,1.99,USD
6029577,bundle_pack_3,2023-01-29 00:45:36.942039+00:00,6.49,USD
6029577,bundle_pack_1,2023-01-29 01:15:23.140868+00:00,1.49,USD
6029577,bundle_pack_4,2023-01-29 18:11:19.351695+00:00,12.99,USD
6029577,bundle_pack_4,2023-01-16 20:13:31.559607+00:00,12.99,USD
6029577,bundle_pack_2,2023-02-01 18:45:07.872718+00:00,2.99,USD
6029577,bundle_pack_5,2023-01-29 19:15:57.668440+00:00,23.99,USD
6029577,bundle_pack_2,2023-01-29 01:09:24.819538+00:00,2.99,USD
6029577,bundle_pack_2,2023-01-17 00:28:30.210728+00:00,2.99,USD
6029577,coin_pack_3,2023-01-29 22:11:06.158287+00:00,7.99,USD
6029577,coin_pack_3,2023-02-08 22:52:57.939528+00:00,7.99,USD
6029577,bundle_pack_2,2023-01-16 22:32:37.877590+00:00,2.99,USD
6029577,bundle_pack_1,2023-02-06 22:53:17.859013+00:00,1.49,USD
6029577,coin_pack_2,2023-01-29 21:30:54.437241+00:00,2.99,USD
6029577,bundle_pack_2,2023-01-16 21:39:57.916647+00:00,2.99,USD
6029577,golden_ticket_season_pass,2023-02-01 17:35:18.198012+00:00,9.99,USD
6029577,bundle_pack_2,2023-01-19 22:40:25.550472+00:00,2.99,USD
6029577,bundle_pack_2,2023-01-21 18:54:53.253529+00:00,2.99,USD
6029577,coin_pack_3,2023-01-29 22:41:29.914082+00:00,7.99,USD
6029577,bundle_pack_3,2023-02-06 23:16:16.589759+00:00,6.49,USD
6029577,bundle_pack_2,2023-01-27 21:42:18.624737+00:00,2.99,USD
6029577,coin_pack_3,2023-01-30 18:08:19.787157+00:00,7.99,USD
6029577,bundle_pack_2,2023-02-06 22:47:44.235202+00:00,2.99,USD
6029577,coin_pack_2,2023-02-01 22:55:20.994020+00:00,2.99,USD
6029577,coin_pack_2,2023-02-08 23:16:02.159384+00:00,2.99,USD
6029577,bundle_pack_2,2023-02-02 21:03:18.312620+00:00,2.99,USD
5889818,bundle_pack_1,2023-01-01 05:01:40.574618+00:00,1.99,USD
5889818,bundle_pack_1,2023-01-02 02:20:53.985300+00:00,1.99,USD
6097627,bundle_pack_2,2023-01-20 17:31:54.930716+00:00,2.99,USD
6097627,bundle_pack_2,2023-01-20 17:35:22.619921+00:00,2.99,USD
6102514,bundle_pack_1,2023-01-21 05:27:31.653481+00:00,1.79,GBP
6212165,personal_offer_starter_pack,2023-02-02 21:08:51.682799+00:00,3.99,USD
6212165,personal_offer_low_coin,2023-02-04 03:53:02.479019+00:00,4.99,USD
6003692,bundle_pack_2,2023-01-14 01:31:55.869447+00:00,6.99,USD
6003692,bundle_pack_3,2023-01-16 11:51:35.682359+00:00,15.99,USD
6003692,coin_pack_3,2023-01-17 01:39:32.275790+00:00,9.99,USD
6003692,personal_offer_starter_big_bundle,2023-01-17 01:42:39.556779+00:00,7.99,USD
6003692,bundle_pack_3,2023-01-18 00:42:43.797581+00:00,15.99,USD
6003692,bundle_pack_2,2023-01-18 01:14:08.630026+00:00,6.99,USD
6003692,coin_pack_1,2023-01-18 01:19:42.685125+00:00,0.99,USD
6003692,personal_offer_low_coin,2023-01-18 23:36:31.991615+00:00,4.99,USD
6003692,bundle_pack_3,2023-01-19 17:04:48.470087+00:00,15.99,USD
6003692,bundle_pack_2,2023-01-19 17:21:50.160833+00:00,6.99,USD
6003692,bundle_pack_1,2023-01-23 00:36:53.025999+00:00,1.99,USD
6003692,bundle_pack_3,2023-01-25 01:20:52.505561+00:00,15.99,USD
6003692,bundle_pack_2,2023-02-02 02:45:07.746543+00:00,6.99,USD
1507884,bundle_pack_2,2023-01-01 18:34:03.915846+00:00,6.99,USD
1507884,bundle_pack_2,2023-01-10 05:44:30.118484+00:00,6.99,USD
1507884,coin_pack_1,2023-01-10 21:34:00.417182+00:00,0.99,USD
1507884,bundle_pack_2,2023-01-19 23:44:20.839620+00:00,6.99,USD
1507884,coin_pack_1,2023-01-20 00:20:43.667666+00:00,0.99,USD
1507884,bundle_pack_2,2023-01-24 02:17:03.052441+00:00,6.99,USD
1507884,bundle_pack_2,2023-01-24 16:14:56.627380+00:00,6.99,USD
1507884,bundle_pack_2,2023-01-24 20:49:52.362159+00:00,6.99,USD
1507884,coin_pack_2,2023-01-24 21:06:45.141837+00:00,4.99,USD
1507884,bundle_pack_2,2023-01-27 18:40:08.253915+00:00,6.99,USD
1507884,coin_pack_3,2023-01-27 22:00:55.036032+00:00,9.99,USD
1507884,coin_pack_2,2023-01-28 01:43:55.250691+00:00,4.99,USD
1507884,coin_pack_2,2023-01-29 20:37:36.649208+00:00,4.99,USD
1507884,coin_pack_2,2023-01-29 20:56:22.018250+00:00,4.99,USD
1507884,coin_pack_3,2023-02-01 02:38:29.298246+00:00,9.99,USD
1507884,coin_pack_2,2023-02-01 03:34:04.545873+00:00,4.99,USD
1507884,bundle_pack_2,2023-02-03 21:14:23.086615+00:00,6.99,USD
1507884,bundle_pack_2,2023-02-06 20:47:15.390027+00:00,6.99,USD
1507884,bundle_pack_1,2023-02-07 23:57:12.787351+00:00,1.99,USD
1507884,bundle_pack_2,2023-02-07 23:57:35.912747+00:00,6.99,USD
1507884,coin_pack_1,2023-02-08 02:42:16.987669+00:00,0.99,USD
1507884,bundle_pack_2,2023-02-11 20:59:29.268894+00:00,6.99,USD
1507884,bundle_pack_2,2023-02-11 23:22:53.372070+00:00,6.99,USD
1507884,bundle_pack_2,2023-02-12 17:02:31.585927+00:00,6.99,USD
1507884,coin_pack_2,2023-02-12 17:46:42.366224+00:00,4.99,USD
3214549,coin_pack_1,2023-02-02 01:43:28.258656+00:00,0.69,GBP
3214549,coin_pack_1,2023-01-08 01:45:56.263373+00:00,0.69,GBP
5811496,piggy_bank,2023-01-03 04:27:34.201264+00:00,1.49,USD
5811496,bundle_pack_2,2023-01-03 04:47:53.030130+00:00,2.99,USD
6188096,bundle_pack_5,2023-01-31 20:29:18.445877+00:00,54.99,USD
6188096,personal_offer_starter_big_bundle,2023-02-01 20:22:30.782436+00:00,7.99,USD
6300734,personal_offer_low_coin,2023-02-11 22:46:03.745723+00:00,4.99,USD
6300734,bundle_pack_2,2023-02-12 13:11:28.537561+00:00,6.99,USD
6300734,personal_offer_starter_pack,2023-02-12 21:37:30.955617+00:00,3.99,USD
5640183,bundle_pack_3,2023-01-03 01:39:42.368453+00:00,15.99,USD
5640183,bundle_pack_4,2023-01-04 01:30:04.679967+00:00,31.99,USD
6070686,personal_offer_starter_big_bundle,2023-01-20 22:38:10.907944+00:00,7.99,USD
6070686,coin_pack_2,2023-01-20 23:59:46.100437+00:00,4.99,USD
6070686,coin_pack_2,2023-01-21 01:32:40.524620+00:00,4.99,USD
6070686,bundle_pack_3,2023-01-21 02:01:35.575205+00:00,15.99,USD
6070686,bundle_pack_3,2023-02-01 23:42:38.801668+00:00,15.99,USD
5971031,bundle_pack_1,2023-02-05 23:51:17.051320+00:00,1.49,USD
5804479,bundle_pack_1,2023-01-03 01:59:21.033286+00:00,1.99,USD
5804479,bundle_pack_1,2023-01-23 04:41:44.040071+00:00,1.99,USD
5804479,coin_pack_1,2023-01-23 04:51:51.514125+00:00,0.99,USD
5185797,bundle_pack_1,2023-01-21 19:45:06.583768+00:00,2.79,CAD
5185797,personal_offer_low_coin,2023-01-21 19:46:00.794965+00:00,6.99,CAD
5185797,coin_pack_1,2023-02-05 02:37:11.161142+00:00,1.39,CAD
5185797,personal_offer_low_coin,2023-02-05 02:38:16.634833+00:00,6.99,CAD
6236838,bundle_pack_1,2023-02-09 01:20:46.282245+00:00,2.99,AUD
6161056,golden_ticket_season_pass,2023-02-10 01:49:00.783956+00:00,9.99,USD
6161056,bundle_pack_2,2023-02-10 02:23:56.926194+00:00,2.99,USD
6258258,bundle_pack_1,2023-02-07 19:07:05.643514+00:00,1.49,USD
6258258,bundle_pack_1,2023-02-07 21:07:25.486947+00:00,1.49,USD
3067302,personal_offer_low_coin,2023-01-01 03:53:03.470370+00:00,4.99,USD
3067302,coin_pack_3,2023-01-19 10:00:50.475173+00:00,9.99,USD
3067302,personal_offer_low_coin,2023-02-09 03:50:02.498181+00:00,4.99,USD
4372591,bundle_pack_2,2023-01-05 10:36:32.197348+00:00,6.99,USD
4372591,coin_pack_2,2023-02-06 16:29:58.062246+00:00,4.99,USD
5971982,coin_pack_1,2023-02-08 22:08:35.162559+00:00,0.99,USD
5971982,coin_pack_1,2023-02-10 23:01:50.417762+00:00,0.99,USD
5971982,coin_pack_1,2023-02-10 23:18:30.116557+00:00,0.99,USD
5971982,coin_pack_1,2023-02-11 21:40:39.849581+00:00,0.99,USD
5971982,bundle_pack_1,2023-02-12 19:40:48.198867+00:00,1.99,USD
5971982,coin_pack_1,2023-02-12 19:41:28.747334+00:00,0.99,USD
6049841,bundle_pack_1,2023-02-10 00:02:17.713493+00:00,1.99,USD
5881508,personal_offer_low_coin,2023-01-27 18:01:13.978400+00:00,3.99,USD
5881508,piggy_bank,2023-01-02 23:24:55.726884+00:00,1.49,USD
5881508,bundle_pack_2,2023-01-15 01:09:31.665934+00:00,2.99,USD
5881508,piggy_bank,2023-01-27 18:09:48.510643+00:00,1.49,USD
5881508,personal_offer_low_coin,2023-01-17 22:21:06.736303+00:00,3.99,USD
5530380,coin_pack_3,2023-01-01 04:05:33.231418+00:00,9.99,USD
5530380,bundle_pack_1,2023-01-03 00:37:21.899891+00:00,1.99,USD
5530380,coin_pack_1,2023-01-10 14:26:08.250661+00:00,0.99,USD
5530380,coin_pack_1,2023-01-17 21:56:48.594334+00:00,0.99,USD
6029720,bundle_pack_1,2023-01-16 05:23:19.723713+00:00,1.49,USD
6029720,piggy_bank,2023-01-16 05:44:40.137459+00:00,1.49,USD
1826109,golden_ticket_season_pass,2023-01-05 01:09:36.955691+00:00,9.99,USD
1826109,personal_offer_low_coin,2023-01-14 03:54:09.238858+00:00,4.99,USD
1826109,coin_pack_3,2023-01-15 14:36:51.866510+00:00,9.99,USD
1826109,coin_pack_3,2023-01-19 17:52:49.050708+00:00,9.99,USD
1826109,coin_pack_3,2023-01-22 17:46:34.175551+00:00,9.99,USD
1826109,personal_offer_low_coin,2023-01-22 17:47:10.952838+00:00,4.99,USD
1826109,coin_pack_3,2023-01-25 18:13:27.005622+00:00,9.99,USD
1826109,coin_pack_3,2023-01-27 17:51:34.109276+00:00,9.99,USD
1826109,personal_offer_low_coin,2023-02-01 04:11:59.749257+00:00,4.99,USD
1826109,coin_pack_3,2023-02-04 04:36:33.123471+00:00,9.99,USD
1826109,coin_pack_3,2023-02-08 04:06:03.778741+00:00,9.99,USD
1826109,coin_pack_3,2023-02-11 04:23:19.669709+00:00,9.99,USD
1826109,personal_offer_low_coin,2023-02-11 04:28:41.287070+00:00,4.99,USD
5394301,bundle_pack_1,2023-01-04 03:00:55.399788+00:00,1.99,USD
5394301,personal_offer_unlimited_heart,2023-01-04 03:35:55.481242+00:00,5.99,USD
5394301,personal_offer_low_coin,2023-01-04 04:00:13.296892+00:00,4.99,USD
5394301,bundle_pack_1,2023-01-07 03:25:24.799829+00:00,1.99,USD
5394301,bundle_pack_1,2023-01-07 18:25:40.199945+00:00,1.99,USD
5394301,bundle_pack_1,2023-01-07 18:26:54.617605+00:00,1.99,USD
5394301,bundle_pack_1,2023-01-07 18:35:24.426157+00:00,1.99,USD
5394301,bundle_pack_2,2023-01-07 18:36:37.734869+00:00,6.99,USD
5394301,bundle_pack_2,2023-01-07 18:38:15.715132+00:00,6.99,USD
5394301,bundle_pack_1,2023-01-07 19:03:00.177825+00:00,1.99,USD
5394301,bundle_pack_1,2023-01-07 19:47:41.473661+00:00,1.99,USD
5394301,bundle_pack_2,2023-01-07 19:56:30.357492+00:00,6.99,USD
5394301,bundle_pack_1,2023-01-07 20:09:35.429037+00:00,1.99,USD
5394301,bundle_pack_1,2023-01-07 20:35:37.037403+00:00,1.99,USD
5394301,bundle_pack_1,2023-01-08 01:06:03.947348+00:00,1.99,USD
5394301,bundle_pack_1,2023-01-08 19:16:42.123666+00:00,1.99,USD
5394301,bundle_pack_1,2023-01-08 19:48:37.548730+00:00,1.99,USD
5394301,bundle_pack_1,2023-01-08 20:07:19.601325+00:00,1.99,USD
5394301,bundle_pack_1,2023-01-09 01:33:43.463898+00:00,1.99,USD
5394301,bundle_pack_1,2023-01-09 01:52:55.975161+00:00,1.99,USD
5394301,bundle_pack_1,2023-01-09 02:08:28.984505+00:00,1.99,USD
5394301,bundle_pack_1,2023-01-09 02:15:28.742015+00:00,1.99,USD
5394301,bundle_pack_1,2023-01-09 03:36:24.512481+00:00,1.99,USD
5394301,bundle_pack_1,2023-01-10 01:05:10.563597+00:00,1.99,USD
5394301,bundle_pack_1,2023-01-12 05:20:10.028339+00:00,1.99,USD
5394301,bundle_pack_1,2023-01-12 05:28:02.431578+00:00,1.99,USD
5394301,bundle_pack_2,2023-01-15 19:38:12.793130+00:00,6.99,USD
5394301,bundle_pack_2,2023-01-15 20:20:38.436288+00:00,6.99,USD
5394301,coin_pack_1,2023-01-28 05:04:25.870862+00:00,0.99,USD
6284689,piggy_bank,2023-02-11 03:05:39.535994+00:00,1.49,USD
4785825,coin_pack_1,2023-01-23 19:26:28.237545+00:00,0.99,USD
4785825,bundle_pack_1,2023-01-28 21:17:02.860636+00:00,1.49,USD
4785825,bundle_pack_1,2023-01-28 21:50:23.234074+00:00,1.49,USD
4544433,personal_offer_low_coin,2023-01-06 22:44:06.344718+00:00,4.99,USD
4544433,personal_offer_low_coin,2023-01-14 05:32:20.526920+00:00,4.99,USD
4544433,personal_offer_low_coin,2023-01-28 04:32:00.706030+00:00,4.99,USD
4544433,bundle_pack_3,2023-01-29 01:49:35.939855+00:00,15.99,USD
4544433,golden_ticket_season_pass,2023-02-01 01:09:51.484775+00:00,9.99,USD
4544433,bundle_pack_3,2023-02-05 02:04:22.560318+00:00,15.99,USD
4544433,personal_offer_low_coin,2023-02-05 02:05:28.258499+00:00,4.99,USD
6236616,personal_offer_low_coin,2023-02-05 15:54:27.079622+00:00,3.6,CHF
4187853,bundle_pack_1,2023-02-07 21:34:08.160468+00:00,34.0,MXN
4187853,coin_pack_1,2023-01-04 20:22:18.324083+00:00,19.0,MXN
4187853,bundle_pack_1,2023-01-04 20:24:07.469752+00:00,34.0,MXN
4187853,bundle_pack_1,2023-02-05 05:43:04.273905+00:00,34.0,MXN
4187853,bundle_pack_1,2023-01-22 20:56:02.265357+00:00,34.0,MXN
4885289,bundle_pack_2,2023-02-06 02:15:58.356136+00:00,2.99,USD
5682234,golden_ticket_season_pass,2023-01-07 14:18:05.396566+00:00,9.99,USD
5682234,coin_pack_2,2023-01-10 19:49:34.917207+00:00,4.99,USD
5768960,coin_pack_1,2023-01-11 17:25:12.273013+00:00,0.69,GBP
5768960,coin_pack_1,2023-01-08 15:38:14.685484+00:00,0.69,GBP
5768960,coin_pack_1,2023-01-23 19:20:30.191651+00:00,0.69,GBP
5768960,coin_pack_1,2023-01-18 16:30:37.729605+00:00,0.69,GBP
5768960,coin_pack_1,2023-01-28 17:51:06.134526+00:00,0.69,GBP
5768960,coin_pack_1,2023-01-13 17:17:33.442447+00:00,0.69,GBP
5768960,coin_pack_1,2023-01-19 16:26:30.444887+00:00,0.69,GBP
5768960,coin_pack_1,2023-01-13 17:16:17.893154+00:00,0.69,GBP
5768960,coin_pack_1,2023-01-24 17:53:37.285263+00:00,0.69,GBP
5768960,coin_pack_1,2023-01-05 18:10:02.227092+00:00,0.69,GBP
5768960,coin_pack_1,2023-01-01 15:59:20.351033+00:00,0.69,GBP
5768960,coin_pack_1,2023-01-14 16:18:01.488943+00:00,0.69,GBP
5768960,coin_pack_1,2023-01-03 16:22:19.838862+00:00,0.69,GBP
5768960,golden_ticket_season_pass,2023-01-08 17:03:05.396118+00:00,9.99,GBP
5768960,coin_pack_1,2023-01-02 17:05:25.420861+00:00,0.69,GBP
5768960,coin_pack_1,2023-01-10 16:41:56.785983+00:00,0.69,GBP
5768960,coin_pack_1,2023-01-04 16:45:47.671462+00:00,0.69,GBP
5768960,coin_pack_1,2023-01-12 16:52:16.298800+00:00,0.69,GBP
5768960,coin_pack_1,2023-01-15 16:44:07.759757+00:00,0.69,GBP
5768960,coin_pack_1,2023-01-19 16:27:33.517247+00:00,0.69,GBP
5768960,coin_pack_1,2023-01-11 17:26:06.432525+00:00,0.69,GBP
5768960,coin_pack_1,2023-01-08 15:37:27.685360+00:00,0.69,GBP
5467091,bundle_pack_2,2023-01-06 22:40:25.715932+00:00,6.99,USD
5467091,personal_offer_low_coin,2023-01-09 00:46:49.978892+00:00,4.99,USD
5467091,bundle_pack_1,2023-01-12 05:39:32.999219+00:00,1.99,USD
5467091,personal_offer_low_coin,2023-01-16 01:13:56.070292+00:00,4.99,USD
5467091,bundle_pack_1,2023-01-16 21:52:46.925425+00:00,1.99,USD
5467091,bundle_pack_1,2023-01-17 04:07:12.774821+00:00,1.99,USD
5467091,bundle_pack_2,2023-01-20 03:49:03.731592+00:00,6.99,USD
5467091,bundle_pack_1,2023-01-21 04:53:00.501089+00:00,1.99,USD
5467091,personal_offer_low_coin,2023-01-23 06:42:41.317881+00:00,4.99,USD
5467091,personal_offer_low_coin,2023-01-30 01:36:59.976998+00:00,4.99,USD
5467091,bundle_pack_2,2023-01-31 18:18:31.357100+00:00,6.99,USD
5467091,coin_pack_1,2023-02-03 18:17:54.612781+00:00,0.99,USD
5467091,coin_pack_1,2023-02-08 00:17:56.880204+00:00,0.99,USD
6119645,bundle_pack_2,2023-02-05 23:29:48.396511+00:00,2.99,USD
6018546,bundle_pack_2,2023-02-06 07:42:29.766169+00:00,2.99,USD
6018546,bundle_pack_2,2023-02-03 00:25:18.236613+00:00,2.99,USD
6018546,bundle_pack_1,2023-02-01 11:41:45.901153+00:00,1.49,USD
6018546,golden_ticket_season_pass,2023-01-15 21:22:49.458605+00:00,9.99,USD
6018546,bundle_pack_2,2023-01-21 00:08:30.920267+00:00,2.99,USD
6018546,bundle_pack_2,2023-01-21 00:08:57.622598+00:00,2.99,USD
6018546,bundle_pack_2,2023-02-05 20:56:07.169380+00:00,2.99,USD
6018546,bundle_pack_2,2023-01-28 07:58:19.377677+00:00,2.99,USD
6018546,personal_offer_low_coin,2023-01-17 16:11:27.055670+00:00,3.99,USD
6018546,bundle_pack_2,2023-02-09 15:31:58.666574+00:00,2.99,USD
6018546,bundle_pack_2,2023-02-07 01:36:15.100625+00:00,2.99,USD
6018546,coin_pack_1,2023-02-06 05:48:25.755173+00:00,0.99,USD
6018546,bundle_pack_2,2023-02-05 19:05:37.501290+00:00,2.99,USD
6018546,bundle_pack_2,2023-02-06 05:18:01.053859+00:00,2.99,USD
6018546,bundle_pack_2,2023-02-07 12:55:22.394941+00:00,2.99,USD
6018546,golden_ticket_season_pass,2023-02-05 19:33:21.577555+00:00,9.99,USD
6018546,bundle_pack_2,2023-01-20 23:25:20.264119+00:00,2.99,USD
6018546,bundle_pack_2,2023-02-02 21:57:22.940151+00:00,2.99,USD
1826337,bundle_pack_1,2023-01-01 05:54:45.102047+00:00,1.99,USD
6146809,coin_pack_1,2023-02-01 03:26:31.638088+00:00,0.99,USD
6146809,personal_offer_low_coin,2023-01-28 04:20:30.177345+00:00,3.99,USD
6146809,personal_offer_starter_big_bundle,2023-01-29 00:41:05.158246+00:00,7.99,USD
6146809,bundle_pack_2,2023-01-30 00:05:25.208582+00:00,2.99,USD
6005709,personal_offer_low_coin,2023-01-12 11:16:38.482420+00:00,6.99,CAD
6110959,bundle_pack_2,2023-01-24 02:25:40.704178+00:00,6.99,USD
6110959,bundle_pack_2,2023-02-04 12:20:21.729620+00:00,6.99,USD
6110959,personal_offer_low_coin,2023-02-04 12:31:43.758158+00:00,4.99,USD
6110959,golden_ticket_season_pass,2023-02-04 13:14:44.646436+00:00,9.99,USD
6110959,bundle_pack_2,2023-02-04 22:47:07.845860+00:00,6.99,USD
6110959,bundle_pack_2,2023-02-05 17:13:08.247390+00:00,6.99,USD
6110959,bundle_pack_2,2023-02-05 22:50:13.656143+00:00,6.99,USD
6110959,bundle_pack_2,2023-02-05 22:51:40.156889+00:00,6.99,USD
6110959,bundle_pack_2,2023-02-07 01:27:26.373475+00:00,6.99,USD
6110959,personal_offer_low_coin,2023-02-08 00:16:29.735009+00:00,4.99,USD
6110959,bundle_pack_3,2023-02-11 16:26:16.464004+00:00,15.99,USD
6110959,bundle_pack_2,2023-02-11 21:04:53.410061+00:00,6.99,USD
6110959,bundle_pack_2,2023-02-11 21:18:26.226020+00:00,6.99,USD
5942278,bundle_pack_2,2023-01-06 10:06:54.707581+00:00,6.99,USD
5942278,bundle_pack_2,2023-01-08 12:01:41.469164+00:00,6.99,USD
5942278,bundle_pack_2,2023-01-09 12:29:12.773462+00:00,6.99,USD
5942278,bundle_pack_2,2023-01-13 01:20:38.907816+00:00,6.99,USD
5942278,bundle_pack_2,2023-01-16 12:30:42.285886+00:00,6.99,USD
5942278,bundle_pack_2,2023-01-16 19:35:23.244599+00:00,6.99,USD
5942278,bundle_pack_1,2023-01-17 18:51:42.604050+00:00,1.99,USD
5942278,bundle_pack_2,2023-01-19 19:23:44.062374+00:00,6.99,USD
5942278,bundle_pack_2,2023-01-19 19:30:02.427781+00:00,6.99,USD
5942278,bundle_pack_2,2023-01-19 19:42:45.834390+00:00,6.99,USD
5942278,bundle_pack_2,2023-01-19 20:02:13.589938+00:00,6.99,USD
5942278,bundle_pack_2,2023-01-20 19:28:46.733489+00:00,6.99,USD
5942278,bundle_pack_2,2023-01-20 19:42:58.013853+00:00,6.99,USD
5942278,bundle_pack_2,2023-01-25 09:43:36.450004+00:00,6.99,USD
5942278,bundle_pack_2,2023-01-25 10:02:24.516637+00:00,6.99,USD
5942278,bundle_pack_2,2023-01-30 13:40:37.751090+00:00,6.99,USD
5942278,bundle_pack_2,2023-02-02 09:45:14.221936+00:00,6.99,USD
5942278,bundle_pack_1,2023-02-09 09:20:38.235650+00:00,1.99,USD
5942278,bundle_pack_3,2023-02-09 09:34:22.962644+00:00,15.99,USD
5942278,bundle_pack_2,2023-02-11 02:13:31.339208+00:00,6.99,USD
5942278,bundle_pack_1,2023-02-11 10:27:40.360763+00:00,1.99,USD
5942278,personal_offer_low_coin,2023-02-12 02:37:15.335641+00:00,4.99,USD
5804797,coin_pack_1,2023-01-24 18:42:27.740351+00:00,0.99,USD
5804797,coin_pack_1,2023-02-02 20:34:04.124338+00:00,0.99,USD
5804797,coin_pack_1,2023-02-04 01:07:01.611552+00:00,0.99,USD
5804797,coin_pack_1,2023-02-10 03:12:40.948499+00:00,0.99,USD
5599157,coin_pack_1,2023-01-21 18:57:54.120591+00:00,3.89,PLN
5599157,coin_pack_1,2023-02-10 20:25:28.801888+00:00,3.89,PLN
5599157,coin_pack_1,2023-01-04 18:59:01.014694+00:00,3.89,PLN
5599157,coin_pack_1,2023-01-14 19:18:11.869013+00:00,3.89,PLN
5599157,bundle_pack_1,2023-02-10 20:37:11.373049+00:00,8.79,PLN
5599157,coin_pack_1,2023-02-01 19:52:55.093279+00:00,3.89,PLN
5599157,coin_pack_1,2023-02-01 19:40:10.803448+00:00,3.89,PLN
5599157,coin_pack_1,2023-01-11 20:40:51.112652+00:00,3.89,PLN
5599157,coin_pack_1,2023-01-27 19:24:59.144915+00:00,3.89,PLN
5599157,coin_pack_1,2023-01-26 21:07:14.370050+00:00,3.89,PLN
5599157,coin_pack_1,2023-01-14 19:42:32.806378+00:00,3.89,PLN
5599157,coin_pack_1,2023-01-04 18:57:24.881051+00:00,3.89,PLN
5599157,coin_pack_1,2023-01-22 19:33:46.476819+00:00,3.89,PLN
5599157,coin_pack_1,2023-01-24 19:02:08.978995+00:00,3.89,PLN
5599157,coin_pack_1,2023-02-12 17:29:35.287802+00:00,3.89,PLN
5599157,coin_pack_1,2023-02-12 15:06:05.896461+00:00,3.89,PLN
5599157,coin_pack_1,2023-01-26 21:39:47.739389+00:00,3.89,PLN
5599157,bundle_pack_1,2023-01-08 20:00:38.479260+00:00,8.79,PLN
5599157,coin_pack_1,2023-01-14 07:28:01.341222+00:00,3.89,PLN
5912744,bundle_pack_1,2023-01-05 16:23:21.707075+00:00,1.49,USD
4354405,coin_pack_1,2023-02-02 19:16:44.197721+00:00,0.99,USD
4354405,coin_pack_2,2023-01-18 01:09:31.099845+00:00,2.99,USD
4354405,coin_pack_1,2023-02-02 19:15:16.802748+00:00,0.99,USD
4354405,coin_pack_1,2023-02-02 19:18:21.009634+00:00,0.99,USD
4354405,coin_pack_1,2023-01-15 18:40:51.376879+00:00,0.99,USD
1630789,coin_pack_1,2023-01-02 03:22:04.695651+00:00,0.99,USD
1630789,coin_pack_1,2023-01-03 09:56:06.186586+00:00,0.99,USD
1630789,coin_pack_1,2023-01-03 10:22:11.107676+00:00,0.99,USD
1630789,coin_pack_1,2023-01-05 03:53:06.101294+00:00,0.99,USD
1630789,coin_pack_1,2023-01-09 00:32:33.427748+00:00,0.99,USD
1630789,coin_pack_1,2023-01-09 00:33:26.413175+00:00,0.99,USD
1630789,coin_pack_1,2023-01-09 05:29:17.592094+00:00,0.99,USD
1630789,coin_pack_1,2023-01-12 07:38:33.509158+00:00,0.99,USD
1630789,coin_pack_1,2023-01-12 08:07:06.520361+00:00,0.99,USD
1630789,coin_pack_1,2023-01-14 03:44:42.647429+00:00,0.99,USD
1630789,coin_pack_1,2023-01-15 06:32:29.465641+00:00,0.99,USD
1630789,coin_pack_1,2023-01-18 03:34:25.359266+00:00,0.99,USD
1630789,coin_pack_1,2023-01-21 03:40:15.812962+00:00,0.99,USD
1630789,coin_pack_1,2023-01-21 03:40:59.952523+00:00,0.99,USD
1630789,coin_pack_1,2023-01-21 03:41:48.462299+00:00,0.99,USD
1630789,coin_pack_1,2023-01-30 03:40:57.428258+00:00,0.99,USD
1630789,coin_pack_1,2023-02-01 15:45:32.159041+00:00,0.99,USD
1630789,coin_pack_1,2023-02-02 20:10:57.367988+00:00,0.99,USD
6029855,coin_pack_1,2023-01-24 05:50:16.100583+00:00,0.99,USD
5987115,coin_pack_2,2023-01-13 20:08:35.833371+00:00,2.99,USD
6010512,personal_offer_starter_small_bundle,2023-01-19 14:42:18.039611+00:00,2.99,USD
6010512,personal_offer_low_coin,2023-01-19 14:55:34.274485+00:00,3.99,USD
5742955,bundle_pack_1,2023-01-02 14:35:44.063818+00:00,1.99,USD
5742955,coin_pack_1,2023-01-02 18:31:49.890800+00:00,0.99,USD
5742955,coin_pack_1,2023-01-10 00:03:06.321951+00:00,0.99,USD
5742955,coin_pack_1,2023-01-12 00:40:43.207915+00:00,0.99,USD
5742955,coin_pack_1,2023-01-17 03:57:04.482354+00:00,0.99,USD
5742955,bundle_pack_1,2023-02-11 04:09:16.076111+00:00,1.99,USD
5853568,coin_pack_1,2023-01-06 06:05:51.707407+00:00,0.99,USD
5853568,coin_pack_1,2023-01-07 07:41:00.147428+00:00,0.99,USD
5853568,coin_pack_1,2023-01-09 06:19:11.677083+00:00,0.99,USD
5853568,coin_pack_1,2023-01-09 06:23:44.830002+00:00,0.99,USD
5853568,coin_pack_1,2023-01-09 07:18:27.493221+00:00,0.99,USD
5853568,coin_pack_1,2023-01-13 04:36:50.343981+00:00,0.99,USD
5853568,coin_pack_1,2023-01-13 05:08:13.753038+00:00,0.99,USD
5853568,coin_pack_1,2023-01-14 07:18:18.803019+00:00,0.99,USD
5853568,coin_pack_1,2023-01-16 06:46:29.097157+00:00,0.99,USD
5853568,coin_pack_1,2023-01-16 07:18:53.582590+00:00,0.99,USD
5853568,coin_pack_1,2023-01-21 06:33:58.110111+00:00,0.99,USD
5853568,coin_pack_1,2023-01-22 05:09:43.348022+00:00,0.99,USD
6119219,golden_ticket_season_pass,2023-02-01 19:54:17.197113+00:00,89.0,DKK
6119219,coin_pack_1,2023-02-08 20:16:31.294710+00:00,6.0,DKK
6119219,coin_pack_1,2023-02-07 23:23:38.062732+00:00,6.0,DKK
6189372,coin_pack_1,2023-02-10 14:50:34.421952+00:00,11000.0,IDR
6189372,coin_pack_1,2023-02-05 12:56:08.711813+00:00,11000.0,IDR
5676953,bundle_pack_1,2023-01-04 20:10:44.072124+00:00,1.99,USD
5676953,bundle_pack_1,2023-01-10 05:40:49.859925+00:00,1.99,USD
5676953,bundle_pack_1,2023-01-21 23:07:46.063990+00:00,1.99,USD
5676953,bundle_pack_1,2023-01-21 23:08:54.654471+00:00,1.99,USD
5676953,bundle_pack_1,2023-01-28 03:19:51.644059+00:00,1.99,USD
3633818,personal_offer_low_coin,2023-01-09 19:01:57.200401+00:00,4.19,EUR
3633818,bundle_pack_1,2023-01-12 23:10:38.326023+00:00,1.79,EUR
3633818,personal_offer_low_coin,2023-01-10 06:39:26.404279+00:00,4.19,EUR
5485551,coin_pack_1,2023-02-10 19:02:47.066212+00:00,0.99,USD
5178836,coin_pack_1,2023-02-02 02:19:54.429374+00:00,0.99,USD
5178836,personal_offer_low_coin,2023-02-10 02:54:11.581698+00:00,4.99,USD
5178836,bundle_pack_2,2023-02-10 04:09:02.624036+00:00,6.99,USD
5178836,coin_pack_2,2023-02-10 04:30:39.387327+00:00,4.99,USD
5178836,bundle_pack_2,2023-02-10 23:26:04.543982+00:00,6.99,USD
6274686,personal_offer_low_coin,2023-02-09 06:31:04.038499+00:00,3.99,USD
6274686,bundle_pack_2,2023-02-09 05:56:12.985606+00:00,2.99,USD
5647619,bundle_pack_1,2023-01-01 22:04:37.430695+00:00,1.49,USD
5647619,coin_pack_1,2023-01-04 20:10:06.070084+00:00,0.99,USD
4278276,coin_pack_2,2023-01-03 14:22:18.820452+00:00,4.99,USD
4278276,coin_pack_2,2023-02-11 01:54:06.488165+00:00,4.99,USD
5544057,bundle_pack_1,2023-01-01 02:32:58.378198+00:00,1.79,EUR
3031821,bundle_pack_2,2023-01-11 10:38:27.276073+00:00,3.39,EUR
3031821,piggy_bank,2023-01-22 10:46:41.988227+00:00,1.69,EUR
3031821,bundle_pack_2,2023-01-17 08:45:05.315696+00:00,3.39,EUR
3031821,bundle_pack_2,2023-01-11 10:32:57.140461+00:00,3.39,EUR
3031821,bundle_pack_2,2023-01-04 10:58:38.170857+00:00,3.39,EUR
3031821,bundle_pack_2,2023-01-10 08:17:30.021379+00:00,3.39,EUR
3031821,bundle_pack_1,2023-02-09 06:21:51.723633+00:00,1.79,EUR
3031821,bundle_pack_2,2023-01-20 06:06:44.423344+00:00,3.39,EUR
3031821,piggy_bank,2023-01-15 07:30:27.220229+00:00,1.69,EUR
3031821,piggy_bank,2023-01-05 10:40:54.349903+00:00,1.69,EUR
3031821,bundle_pack_1,2023-02-06 07:42:44.830174+00:00,1.79,EUR
3031821,bundle_pack_2,2023-01-03 07:07:11.952313+00:00,3.39,EUR
3031821,bundle_pack_1,2023-02-10 06:51:04.269950+00:00,1.79,EUR
3031821,piggy_bank,2023-02-10 07:05:02.218849+00:00,1.69,EUR
3031821,bundle_pack_2,2023-01-27 08:01:26.134208+00:00,3.39,EUR
3031821,personal_offer_low_coin,2023-01-05 09:59:21.644177+00:00,4.19,EUR
3031821,bundle_pack_1,2023-02-10 06:52:04.827083+00:00,1.79,EUR
3031821,bundle_pack_2,2023-01-18 06:33:33.631959+00:00,3.39,EUR
3031821,piggy_bank,2023-02-02 07:46:57.112766+00:00,1.69,EUR
3031821,bundle_pack_2,2023-01-10 07:58:29.825917+00:00,3.39,EUR
3031821,bundle_pack_2,2023-01-02 06:07:18.253040+00:00,3.39,EUR
4965547,coin_pack_1,2023-01-14 06:25:58.546251+00:00,1.39,CAD
4965547,coin_pack_1,2023-01-14 06:48:11.612342+00:00,1.39,CAD
4965547,coin_pack_1,2023-01-14 06:48:50.252562+00:00,1.39,CAD
4965547,coin_pack_1,2023-01-14 06:49:47.266020+00:00,1.39,CAD
4965547,coin_pack_1,2023-02-01 05:15:24.902979+00:00,1.39,CAD
4965547,coin_pack_1,2023-02-01 05:18:08.004035+00:00,1.39,CAD
4965547,coin_pack_1,2023-02-01 05:19:06.312757+00:00,1.39,CAD
4965547,coin_pack_1,2023-02-01 05:20:07.432205+00:00,1.39,CAD
4965547,coin_pack_1,2023-02-01 05:29:31.728317+00:00,1.39,CAD
4965547,coin_pack_1,2023-02-01 06:19:27.285852+00:00,1.39,CAD
4965547,coin_pack_1,2023-02-01 06:20:11.617107+00:00,1.39,CAD
4965547,coin_pack_1,2023-02-01 06:20:55.934005+00:00,1.39,CAD
4965547,coin_pack_1,2023-02-01 06:21:49.518624+00:00,1.39,CAD
4965547,coin_pack_1,2023-02-01 06:22:09.825571+00:00,1.39,CAD
4965547,coin_pack_1,2023-02-01 06:23:02.807729+00:00,1.39,CAD
4965547,coin_pack_1,2023-02-01 06:23:17.232829+00:00,1.39,CAD
4965547,coin_pack_1,2023-02-04 04:01:30.667086+00:00,1.39,CAD
5995661,bundle_pack_1,2023-01-11 12:20:07.183879+00:00,1.99,USD
5198795,bundle_pack_4,2023-01-29 05:20:22.066245+00:00,12.99,USD
5148320,bundle_pack_2,2023-01-31 16:24:55.966896+00:00,6.99,USD
5148320,bundle_pack_2,2023-01-31 16:32:43.605288+00:00,6.99,USD
5351327,bundle_pack_2,2023-01-01 21:47:32.083316+00:00,3.99,CAD
5979111,coin_pack_2,2023-02-08 00:37:14.503965+00:00,4.99,USD
5979111,personal_offer_low_coin,2023-02-08 00:38:08.523130+00:00,4.99,USD
6110891,coin_pack_1,2023-01-30 01:48:37.839157+00:00,0.99,USD
6070499,personal_offer_starter_pack,2023-01-18 18:17:29.377494+00:00,1.99,USD
6070499,bundle_pack_1,2023-01-22 17:44:42.603860+00:00,1.49,USD
6070499,bundle_pack_2,2023-01-23 01:13:36.376932+00:00,2.99,USD
6070499,bundle_pack_2,2023-01-22 03:58:50.121577+00:00,2.99,USD
6070499,bundle_pack_1,2023-01-22 06:14:23.581984+00:00,1.49,USD
6070499,bundle_pack_1,2023-01-23 23:00:53.585684+00:00,1.49,USD
6070499,bundle_pack_1,2023-01-22 04:51:19.325754+00:00,1.49,USD
6070499,bundle_pack_2,2023-01-23 22:58:53.735409+00:00,2.99,USD
6070499,bundle_pack_2,2023-01-21 19:58:24.848571+00:00,2.99,USD
6070499,golden_ticket_season_pass,2023-01-19 02:18:23.041160+00:00,9.99,USD
6264988,piggy_bank,2023-02-09 20:40:18.900530+00:00,1.69,EUR
5810427,bundle_pack_2,2023-01-06 18:43:21.890866+00:00,2.99,USD
4739309,bundle_pack_1,2023-01-08 18:46:27.816632+00:00,1.99,USD
5935870,bundle_pack_4,2023-01-04 07:28:32.508379+00:00,39.9,ILS
5935870,golden_ticket_season_pass,2023-01-04 14:07:57.585909+00:00,33.9,ILS
4827851,bundle_pack_1,2023-01-06 22:27:18.146605+00:00,1.79,GBP
4827851,bundle_pack_1,2023-01-06 22:28:35.635887+00:00,1.79,GBP
4827851,bundle_pack_1,2023-01-31 21:03:04.258113+00:00,1.79,GBP
4736671,coin_pack_1,2023-01-03 10:00:08.181237+00:00,1.49,AUD
4736671,coin_pack_1,2023-01-09 09:04:31.381368+00:00,1.49,AUD
4736671,coin_pack_1,2023-01-11 00:58:46.926069+00:00,1.49,AUD
4736671,coin_pack_1,2023-01-15 08:30:39.003731+00:00,1.49,AUD
4736671,coin_pack_1,2023-01-15 08:31:20.839153+00:00,1.49,AUD
5919423,golden_ticket_season_pass,2023-01-03 09:17:52.514105+00:00,129.0,SEK
6136996,coin_pack_1,2023-02-01 09:08:17.403485+00:00,0.99,USD
6136996,coin_pack_1,2023-02-02 03:22:19.329463+00:00,0.99,USD
6136996,coin_pack_1,2023-02-02 03:55:53.759139+00:00,0.99,USD
6136996,coin_pack_1,2023-02-08 05:14:15.910700+00:00,0.99,USD
5906035,golden_ticket_season_pass,2023-01-04 17:35:41.935593+00:00,9.99,USD
5906035,bundle_pack_2,2023-01-05 05:51:10.425187+00:00,6.99,USD
5906035,coin_pack_3,2023-01-06 20:19:37.806127+00:00,9.99,USD
5906035,coin_pack_2,2023-01-07 00:48:13.598010+00:00,4.99,USD
5906035,bundle_pack_2,2023-01-08 01:55:16.122443+00:00,6.99,USD
5906035,bundle_pack_2,2023-01-09 01:13:29.216134+00:00,6.99,USD
5906035,bundle_pack_2,2023-01-10 09:25:34.061986+00:00,6.99,USD
5906035,personal_offer_low_coin,2023-01-12 23:27:09.429081+00:00,4.99,USD
5906035,bundle_pack_1,2023-01-13 07:02:31.276685+00:00,1.99,USD
5906035,bundle_pack_2,2023-01-14 02:58:08.436612+00:00,6.99,USD
5906035,bundle_pack_2,2023-01-16 07:02:58.103046+00:00,6.99,USD
5906035,coin_pack_3,2023-01-16 07:10:15.107767+00:00,9.99,USD
5906035,bundle_pack_2,2023-01-19 07:51:33.446087+00:00,6.99,USD
5906035,personal_offer_low_coin,2023-01-19 08:01:51.365537+00:00,4.99,USD
5906035,bundle_pack_2,2023-01-23 08:08:53.641713+00:00,6.99,USD
5906035,bundle_pack_2,2023-01-23 20:41:35.664323+00:00,6.99,USD
5906035,bundle_pack_2,2023-01-28 00:56:26.526577+00:00,6.99,USD
5906035,bundle_pack_2,2023-02-04 19:16:02.199872+00:00,6.99,USD
5339020,bundle_pack_1,2023-02-05 08:27:51.439209+00:00,8.79,PLN
6049603,coin_pack_1,2023-01-30 04:29:49.159521+00:00,1.49,AUD
5652583,golden_ticket_season_pass,2023-01-06 01:09:01.815181+00:00,9.99,USD
5276428,coin_pack_1,2023-01-07 03:33:41.600184+00:00,3.49,MYR
5276428,coin_pack_1,2023-01-09 16:14:49.819213+00:00,3.49,MYR
5094297,coin_pack_1,2023-01-01 02:26:00.440858+00:00,0.99,USD
5094297,coin_pack_1,2023-01-01 02:33:37.401546+00:00,0.99,USD
5094297,bundle_pack_1,2023-01-02 18:48:46.048019+00:00,1.99,USD
5094297,coin_pack_1,2023-01-02 19:14:16.041568+00:00,0.99,USD
5094297,coin_pack_1,2023-01-05 05:45:29.127781+00:00,0.99,USD
5094297,bundle_pack_1,2023-01-09 00:15:48.201836+00:00,1.99,USD
5094297,bundle_pack_1,2023-01-10 00:51:18.774367+00:00,1.99,USD
5094297,bundle_pack_1,2023-01-18 18:58:19.011901+00:00,1.99,USD
5094297,coin_pack_1,2023-01-18 18:59:30.078092+00:00,0.99,USD
5657748,personal_offer_starter_big_bundle,2023-01-10 19:47:14.585598+00:00,7.99,USD
5657748,personal_offer_low_coin,2023-01-17 03:01:09.063990+00:00,3.99,USD
5657748,golden_ticket_season_pass,2023-01-23 03:46:22.273549+00:00,9.99,USD
5657748,bundle_pack_3,2023-01-19 05:04:54.004766+00:00,6.49,USD
5657748,bundle_pack_4,2023-01-18 02:10:22.630248+00:00,12.99,USD
5657748,bundle_pack_4,2023-01-17 04:29:23.237264+00:00,12.99,USD
5657748,bundle_pack_2,2023-01-23 06:50:45.812396+00:00,2.99,USD
5689206,coin_pack_1,2023-01-13 19:08:44.710060+00:00,0.69,GBP
5689206,coin_pack_1,2023-01-13 18:41:23.720777+00:00,0.69,GBP
5689206,coin_pack_1,2023-01-13 21:39:41.509861+00:00,0.69,GBP
5689206,coin_pack_1,2023-01-13 18:55:20.258602+00:00,0.69,GBP
5689206,coin_pack_2,2023-01-13 21:41:09.922981+00:00,2.79,GBP
5689206,piggy_bank,2023-01-13 21:42:36.265965+00:00,1.39,GBP
5689206,coin_pack_1,2023-01-13 19:39:53.766533+00:00,0.69,GBP
6182314,golden_ticket_season_pass,2023-01-21 10:58:04.657081+00:00,0.01,USD
6182314,golden_ticket_season_pass,2023-01-21 11:07:16.161344+00:00,0.01,USD
6182314,golden_ticket_season_pass,2023-01-21 12:59:22.698590+00:00,0.01,USD
6182314,golden_ticket_season_pass,2023-01-21 13:36:28.169655+00:00,0.01,USD
5943622,coin_pack_1,2023-01-05 14:31:40.064783+00:00,0.79,EUR
5943622,coin_pack_1,2023-01-06 09:00:51.733346+00:00,0.79,EUR
5943622,coin_pack_1,2023-01-11 21:03:03.879241+00:00,0.79,EUR
5943622,coin_pack_1,2023-01-05 14:32:02.421762+00:00,0.79,EUR
5943622,coin_pack_1,2023-01-05 14:30:17.292181+00:00,0.79,EUR
5943622,golden_ticket_season_pass,2023-01-04 20:05:18.391452+00:00,10.99,EUR
5943622,coin_pack_1,2023-01-05 14:55:35.327620+00:00,0.79,EUR
5943622,personal_offer_starter_pack,2023-01-04 21:41:05.610953+00:00,2.69,EUR
5943622,coin_pack_1,2023-01-04 21:12:18.188513+00:00,0.79,EUR
5943622,coin_pack_1,2023-01-05 16:18:00.271298+00:00,0.79,EUR
5943622,coin_pack_1,2023-01-05 14:57:10.553961+00:00,0.79,EUR
5943622,coin_pack_1,2023-01-07 13:37:24.419651+00:00,0.79,EUR
5943622,coin_pack_1,2023-01-05 20:57:32.032274+00:00,0.79,EUR
5943622,coin_pack_1,2023-01-05 11:49:40.361681+00:00,0.79,EUR
5943622,coin_pack_1,2023-01-05 14:57:40.213140+00:00,0.79,EUR
5943622,coin_pack_1,2023-01-07 13:15:09.090372+00:00,0.79,EUR
5943622,coin_pack_1,2023-01-07 13:27:33.962058+00:00,0.79,EUR
6252490,bundle_pack_2,2023-02-08 19:54:57.298161+00:00,3.29,EUR
6252490,coin_pack_2,2023-02-11 08:03:14.133126+00:00,3.29,EUR
3111741,coin_pack_1,2023-01-20 12:41:19.905611+00:00,0.99,USD
6124254,bundle_pack_2,2023-01-25 01:17:07.225340+00:00,5.99,GBP
6124254,bundle_pack_2,2023-01-25 13:49:18.916954+00:00,5.99,GBP
6136615,bundle_pack_2,2023-02-01 10:06:52.206391+00:00,2.99,USD
6136615,coin_pack_1,2023-02-01 10:43:23.744531+00:00,0.99,USD
5901259,coin_pack_1,2023-01-07 07:53:28.753380+00:00,40.0,PHP
6280785,personal_offer_low_coin,2023-02-11 12:54:28.854901+00:00,3.49,GBP
6280785,bundle_pack_2,2023-02-12 13:27:38.502281+00:00,2.79,GBP
6280785,personal_offer_starter_small_bundle,2023-02-09 17:10:26.103616+00:00,2.89,GBP
6280785,bundle_pack_2,2023-02-12 19:01:30.973828+00:00,2.79,GBP
6280785,personal_offer_low_coin,2023-02-09 19:48:05.614617+00:00,3.49,GBP
6280785,bundle_pack_2,2023-02-11 12:24:03.429337+00:00,2.79,GBP
6280785,piggy_bank,2023-02-11 17:39:59.710727+00:00,1.39,GBP
6005989,personal_offer_low_coin,2023-01-26 07:53:28.607538+00:00,4.99,USD
6005989,personal_offer_low_coin,2023-02-02 09:19:25.654481+00:00,4.99,USD
6005989,bundle_pack_1,2023-02-05 07:55:51.212439+00:00,1.99,USD
6005989,coin_pack_1,2023-02-06 08:43:56.494962+00:00,0.99,USD
5516081,coin_pack_2,2023-01-01 18:49:47.244660+00:00,4.99,USD
5516081,coin_pack_2,2023-01-03 21:01:36.225463+00:00,4.99,USD
5516081,coin_pack_2,2023-01-04 19:48:02.372242+00:00,4.99,USD
5516081,coin_pack_2,2023-01-06 00:53:36.121604+00:00,4.99,USD
5516081,coin_pack_2,2023-01-06 19:58:27.474891+00:00,4.99,USD
5516081,coin_pack_2,2023-01-09 21:53:04.496213+00:00,4.99,USD
5516081,coin_pack_1,2023-01-12 19:52:56.352035+00:00,0.99,USD
5516081,coin_pack_2,2023-01-13 08:53:45.263836+00:00,4.99,USD
5516081,coin_pack_2,2023-01-20 20:34:44.804147+00:00,4.99,USD
5516081,coin_pack_2,2023-02-03 18:16:25.464526+00:00,4.99,USD
5516081,golden_ticket_season_pass,2023-02-03 18:27:09.972451+00:00,9.99,USD
5516081,coin_pack_2,2023-02-03 18:40:01.259755+00:00,4.99,USD
5516081,coin_pack_2,2023-02-03 19:19:06.609100+00:00,4.99,USD
5516081,coin_pack_2,2023-02-08 06:43:07.894626+00:00,4.99,USD
5516081,personal_offer_low_coin,2023-02-08 19:29:12.780395+00:00,4.99,USD
5516081,coin_pack_2,2023-02-08 20:10:44.686691+00:00,4.99,USD
5516081,coin_pack_2,2023-02-10 23:56:31.684323+00:00,4.99,USD
5516081,coin_pack_2,2023-02-11 22:24:42.118774+00:00,4.99,USD
5516081,coin_pack_2,2023-02-12 02:04:26.940273+00:00,4.99,USD
5516081,coin_pack_2,2023-02-12 06:06:44.986066+00:00,4.99,USD
4891239,bundle_pack_2,2023-02-09 18:09:54.068319+00:00,3.39,EUR
4891239,bundle_pack_1,2023-02-10 17:15:37.736281+00:00,1.79,EUR
4891239,coin_pack_1,2023-02-10 17:45:43.491488+00:00,0.79,EUR
6176955,personal_offer_starter_big_bundle,2023-01-29 08:40:01.994950+00:00,6.99,GBP
6176955,bundle_pack_2,2023-01-30 15:00:50.520706+00:00,5.99,GBP
6176955,personal_offer_low_coin,2023-01-30 15:08:55.887279+00:00,4.49,GBP
6051758,personal_offer_low_coin,2023-01-17 10:03:07.110736+00:00,450.0,JPY
6172719,bundle_pack_2,2023-02-07 00:41:03.010443+00:00,2.99,USD
6172719,piggy_bank,2023-01-30 00:13:41.202212+00:00,1.49,USD
5901690,coin_pack_1,2023-01-11 13:24:58.635725+00:00,0.99,USD
5901690,coin_pack_1,2023-01-11 13:23:54.016540+00:00,0.99,USD
5901690,coin_pack_1,2023-01-10 20:58:28.312374+00:00,0.99,USD
5901690,personal_offer_low_coin,2023-01-01 11:42:12.479475+00:00,3.99,USD
4913028,bundle_pack_2,2023-01-01 07:57:26.254020+00:00,6.99,USD
4913028,bundle_pack_2,2023-01-02 04:20:21.215872+00:00,6.99,USD
4913028,coin_pack_1,2023-01-02 16:24:53.245762+00:00,0.99,USD
4913028,coin_pack_2,2023-01-13 05:05:26.582502+00:00,4.99,USD
4913028,bundle_pack_2,2023-01-13 14:57:06.097917+00:00,6.99,USD
4913028,bundle_pack_2,2023-01-13 15:13:40.830002+00:00,6.99,USD
4913028,bundle_pack_2,2023-01-13 15:15:03.601052+00:00,6.99,USD
4913028,coin_pack_1,2023-01-16 23:20:31.047880+00:00,0.99,USD
4913028,coin_pack_1,2023-01-18 07:15:27.909840+00:00,0.99,USD
4913028,coin_pack_1,2023-01-18 07:16:08.823750+00:00,0.99,USD
4913028,bundle_pack_1,2023-01-19 04:20:43.899142+00:00,1.99,USD
4913028,bundle_pack_1,2023-01-19 04:37:39.756645+00:00,1.99,USD
4913028,coin_pack_1,2023-01-19 09:33:03.719497+00:00,0.99,USD
4913028,bundle_pack_1,2023-01-19 09:42:28.212944+00:00,1.99,USD
4913028,coin_pack_1,2023-01-21 05:54:29.081958+00:00,0.99,USD
4913028,bundle_pack_2,2023-01-26 14:59:56.770110+00:00,6.99,USD
4913028,coin_pack_1,2023-01-30 08:49:28.930633+00:00,0.99,USD
4913028,bundle_pack_1,2023-01-31 00:10:09.542916+00:00,1.99,USD
4913028,bundle_pack_1,2023-01-31 00:16:46.193845+00:00,1.99,USD
4913028,bundle_pack_2,2023-02-02 04:10:13.461879+00:00,6.99,USD
4913028,bundle_pack_2,2023-02-02 14:41:42.160128+00:00,6.99,USD
4913028,coin_pack_1,2023-02-02 14:56:18.353503+00:00,0.99,USD
4913028,bundle_pack_1,2023-02-02 22:08:42.354030+00:00,1.99,USD
4913028,coin_pack_1,2023-02-03 10:33:50.791275+00:00,0.99,USD
4913028,coin_pack_1,2023-02-03 21:41:56.574222+00:00,0.99,USD
4913028,coin_pack_1,2023-02-09 07:37:11.309191+00:00,0.99,USD
4913028,coin_pack_1,2023-02-10 05:14:51.666285+00:00,0.99,USD
4913028,bundle_pack_2,2023-02-11 04:17:36.811696+00:00,6.99,USD
4544565,coin_pack_1,2023-01-16 23:30:07.722522+00:00,0.99,USD
4544565,coin_pack_1,2023-01-19 03:37:35.607824+00:00,0.99,USD
4544565,coin_pack_1,2023-01-26 06:06:23.583212+00:00,0.99,USD
4544565,coin_pack_1,2023-01-30 05:57:00.954699+00:00,0.99,USD
4544565,coin_pack_1,2023-02-01 23:49:53.978807+00:00,0.99,USD
4544565,coin_pack_1,2023-02-06 02:38:38.073555+00:00,0.99,USD
4544565,coin_pack_1,2023-02-06 14:19:46.751321+00:00,0.99,USD
4544565,coin_pack_1,2023-02-06 14:20:31.572380+00:00,0.99,USD
4544565,coin_pack_1,2023-02-10 04:07:07.431168+00:00,0.99,USD
4544565,coin_pack_1,2023-02-11 22:03:57.227928+00:00,0.99,USD
4722628,bundle_pack_1,2023-01-01 08:20:35.471113+00:00,1.59,GBP
4722628,personal_offer_low_coin,2023-01-01 08:37:03.525173+00:00,3.49,GBP
4722628,golden_ticket_season_pass,2023-01-01 07:31:52.569068+00:00,9.99,GBP
6101997,coin_pack_2,2023-02-02 10:16:28.702221+00:00,2.99,USD
6101997,coin_pack_1,2023-02-09 09:16:57.912349+00:00,0.99,USD
6101997,coin_pack_1,2023-02-10 00:22:18.891196+00:00,0.99,USD
6101997,coin_pack_1,2023-01-29 22:04:57.371823+00:00,0.99,USD
6101997,bundle_pack_1,2023-02-09 21:00:40.838474+00:00,1.49,USD
5800624,bundle_pack_3,2023-01-02 10:54:16.843585+00:00,6.99,EUR
5675989,piggy_bank,2023-01-05 04:34:14.904166+00:00,1.49,USD
5840919,bundle_pack_2,2023-01-01 01:51:53.417742+00:00,5.99,GBP
5840919,bundle_pack_2,2023-01-02 16:26:17.466737+00:00,5.99,GBP
5840919,bundle_pack_2,2023-01-03 14:42:18.073911+00:00,5.99,GBP
5840919,bundle_pack_2,2023-01-03 14:53:30.934212+00:00,5.99,GBP
5840919,bundle_pack_2,2023-01-04 14:40:31.414344+00:00,5.99,GBP
5840919,bundle_pack_2,2023-01-05 12:39:09.894720+00:00,5.99,GBP
5840919,coin_pack_1,2023-01-05 17:01:54.327304+00:00,0.89,GBP
5840919,bundle_pack_2,2023-01-16 19:24:29.257599+00:00,5.99,GBP
5840919,bundle_pack_2,2023-01-16 19:34:03.579584+00:00,5.99,GBP
5840919,coin_pack_2,2023-01-19 20:02:30.965196+00:00,4.49,GBP
5840919,coin_pack_1,2023-01-26 23:06:38.395213+00:00,0.89,GBP
5840919,coin_pack_1,2023-01-26 23:07:14.586830+00:00,0.89,GBP
4340996,coin_pack_1,2023-02-06 08:47:19.721344+00:00,0.99,USD
5034999,piggy_bank,2023-01-04 14:15:39.367042+00:00,1.49,USD
5034999,piggy_bank,2023-01-17 12:47:50.995500+00:00,1.49,USD
5034999,bundle_pack_4,2023-01-01 14:30:19.397454+00:00,12.99,USD
5034999,bundle_pack_3,2023-01-16 22:23:56.445123+00:00,6.49,USD
5034999,bundle_pack_4,2023-01-18 14:43:39.916539+00:00,12.99,USD
5034999,bundle_pack_3,2023-01-19 15:16:32.064053+00:00,6.49,USD
5034999,piggy_bank,2023-01-11 23:22:54.597802+00:00,1.49,USD
5034999,personal_offer_low_coin,2023-01-18 01:56:01.807996+00:00,3.99,USD
5034999,bundle_pack_2,2023-01-11 16:10:32.230460+00:00,2.99,USD
5034999,bundle_pack_4,2023-01-15 19:23:11.955405+00:00,12.99,USD
5034999,bundle_pack_3,2023-01-19 17:40:28.545873+00:00,6.49,USD
5034999,bundle_pack_3,2023-01-11 16:20:07.595820+00:00,6.49,USD
5034999,bundle_pack_3,2023-01-13 12:25:56.770924+00:00,6.49,USD
5977778,personal_offer_low_coin,2023-01-21 17:31:32.344849+00:00,4.19,EUR
5336663,bundle_pack_1,2023-01-18 13:54:52.752772+00:00,1.49,USD
5336663,coin_pack_1,2023-01-09 12:50:03.650034+00:00,0.99,USD
5336663,bundle_pack_2,2023-01-18 13:50:01.535013+00:00,2.99,USD
5336663,bundle_pack_2,2023-01-10 06:18:31.312701+00:00,2.99,USD
1632341,bundle_pack_2,2023-02-08 09:20:54.535428+00:00,0.01,USD
1632341,golden_ticket_season_pass,2023-02-08 09:22:39.893616+00:00,0.01,USD
6212370,personal_offer_starter_pack,2023-02-02 09:59:23.221033+00:00,1.99,USD
5860699,coin_pack_1,2023-02-02 08:54:08.816351+00:00,0.99,USD
4211658,coin_pack_1,2023-01-02 10:24:12.253533+00:00,13.99,ZAR
4211658,coin_pack_1,2023-01-02 16:38:59.611006+00:00,13.99,ZAR
6107984,coin_pack_1,2023-01-25 07:22:12.356773+00:00,0.69,GBP
6107984,coin_pack_1,2023-02-01 07:00:36.301753+00:00,0.69,GBP
6107984,coin_pack_1,2023-01-25 07:54:25.806144+00:00,0.69,GBP
6107984,coin_pack_1,2023-02-08 20:13:02.961528+00:00,0.69,GBP
6107984,coin_pack_1,2023-02-08 20:14:14.053760+00:00,0.69,GBP
6038793,coin_pack_1,2023-01-15 22:07:19.009211+00:00,0.99,USD
6038793,bundle_pack_1,2023-01-16 12:34:56.563419+00:00,1.99,USD
6038793,coin_pack_1,2023-01-16 12:36:47.160362+00:00,0.99,USD
6136941,coin_pack_1,2023-01-27 05:29:16.075570+00:00,0.99,USD
6136941,coin_pack_1,2023-02-03 09:00:32.809541+00:00,0.99,USD
6136941,coin_pack_1,2023-02-08 06:43:12.005711+00:00,0.99,USD
6136941,coin_pack_1,2023-02-09 06:33:27.081549+00:00,0.99,USD
6099661,coin_pack_1,2023-01-23 06:44:03.076896+00:00,0.89,GBP
6099661,coin_pack_1,2023-01-23 06:54:04.875244+00:00,0.89,GBP
6099661,coin_pack_1,2023-01-24 08:45:38.836889+00:00,0.89,GBP
6099661,coin_pack_1,2023-01-25 21:07:05.266576+00:00,0.89,GBP
6099661,bundle_pack_1,2023-01-29 10:04:24.263966+00:00,1.79,GBP
6099661,personal_offer_unlimited_heart,2023-01-29 10:52:00.850742+00:00,4.99,GBP
6099661,bundle_pack_2,2023-01-30 10:14:09.793913+00:00,5.99,GBP
6099661,coin_pack_1,2023-01-31 01:02:39.319988+00:00,0.89,GBP
6099661,coin_pack_1,2023-01-31 17:57:05.123005+00:00,0.89,GBP
6099661,coin_pack_1,2023-02-01 05:55:36.586969+00:00,0.89,GBP
6099661,coin_pack_1,2023-02-01 05:57:17.733512+00:00,0.89,GBP
6099661,coin_pack_1,2023-02-04 08:16:20.256097+00:00,0.89,GBP
6099661,golden_ticket_season_pass,2023-02-04 09:20:32.202637+00:00,8.99,GBP
6099661,coin_pack_2,2023-02-04 09:52:39.080243+00:00,4.49,GBP
2474953,bundle_pack_4,2023-01-20 22:22:39.566281+00:00,12.99,USD
2474953,bundle_pack_4,2023-01-24 18:36:35.811781+00:00,12.99,USD
2474953,bundle_pack_4,2023-02-04 23:21:41.269265+00:00,12.99,USD
2474953,piggy_bank,2023-02-07 18:52:44.806891+00:00,1.49,USD
2474953,bundle_pack_4,2023-02-03 20:38:27.776901+00:00,12.99,USD
2474953,bundle_pack_5,2023-02-11 00:05:56.227758+00:00,23.99,USD
2474953,piggy_bank,2023-02-01 20:25:03.713254+00:00,1.49,USD
2474953,bundle_pack_5,2023-01-28 00:58:40.901499+00:00,23.99,USD
2474953,bundle_pack_4,2023-01-30 18:18:20.635309+00:00,12.99,USD
2474953,bundle_pack_2,2023-01-26 10:02:27.561904+00:00,2.99,USD
2474953,golden_ticket_season_pass,2023-02-06 17:50:14.992380+00:00,9.99,USD
2474953,bundle_pack_4,2023-01-25 23:51:58.427461+00:00,12.99,USD
2474953,bundle_pack_4,2023-01-19 19:05:43.263340+00:00,12.99,USD
2474953,bundle_pack_2,2023-01-17 23:42:05.385441+00:00,2.99,USD
2474953,bundle_pack_2,2023-02-09 20:55:42.408611+00:00,2.99,USD
2474953,bundle_pack_4,2023-02-07 23:51:10.844209+00:00,12.99,USD
2474953,bundle_pack_3,2023-02-07 10:06:32.268052+00:00,6.49,USD
2474953,piggy_bank,2023-01-26 20:56:17.240231+00:00,1.49,USD
2474953,bundle_pack_4,2023-01-19 10:01:46.370877+00:00,12.99,USD
2474953,bundle_pack_1,2023-01-13 23:28:29.065779+00:00,1.49,USD
2474953,coin_pack_3,2023-01-23 18:08:23.324119+00:00,7.99,USD
2474953,piggy_bank,2023-01-13 23:31:57.809786+00:00,1.49,USD
2474953,personal_offer_low_coin,2023-01-22 13:23:17.331148+00:00,3.99,USD
2474953,bundle_pack_4,2023-01-26 19:47:18.459282+00:00,12.99,USD
2474953,personal_offer_low_coin,2023-02-12 21:05:01.464802+00:00,3.99,USD
2474953,piggy_bank,2023-02-12 17:38:18.420326+00:00,1.49,USD
2474953,bundle_pack_2,2023-01-24 00:40:17.817077+00:00,2.99,USD
2474953,coin_pack_3,2023-01-14 13:23:52.036213+00:00,7.99,USD
2474953,bundle_pack_3,2023-02-08 09:49:30.766190+00:00,6.49,USD
2474953,coin_pack_3,2023-02-11 19:20:05.183064+00:00,7.99,USD
2474953,bundle_pack_3,2023-02-11 17:39:13.468477+00:00,6.49,USD
2474953,coin_pack_3,2023-01-16 23:45:18.517499+00:00,7.99,USD
2474953,piggy_bank,2023-01-09 20:00:55.821736+00:00,1.49,USD
2474953,bundle_pack_4,2023-02-02 23:37:49.294626+00:00,12.99,USD
2474953,bundle_pack_3,2023-01-15 11:17:50.041121+00:00,6.49,USD
2474953,bundle_pack_4,2023-02-01 09:58:28.812236+00:00,12.99,USD
2474953,coin_pack_3,2023-01-15 19:33:07.564346+00:00,7.99,USD
2474953,personal_offer_low_coin,2023-02-06 18:18:28.347144+00:00,3.99,USD
2474953,bundle_pack_4,2023-01-23 23:01:24.656265+00:00,12.99,USD
2474953,bundle_pack_4,2023-02-08 21:56:32.234168+00:00,12.99,USD
2474953,personal_offer_low_coin,2023-01-15 23:44:57.023654+00:00,3.99,USD
2474953,golden_ticket_season_pass,2023-01-10 18:39:22.734147+00:00,9.99,USD
2474953,coin_pack_3,2023-01-17 18:40:47.507469+00:00,7.99,USD
2474953,personal_offer_low_coin,2023-01-30 10:16:33.656968+00:00,3.99,USD
2474953,piggy_bank,2023-01-22 12:46:05.699660+00:00,1.49,USD
2474953,coin_pack_2,2023-02-09 18:09:47.330085+00:00,2.99,USD
2474953,piggy_bank,2023-01-18 10:17:59.805302+00:00,1.49,USD
2474953,bundle_pack_4,2023-01-22 11:44:52.533179+00:00,12.99,USD
2474953,bundle_pack_4,2023-01-17 21:16:28.076702+00:00,12.99,USD
2474953,bundle_pack_4,2023-01-12 09:49:51.633171+00:00,12.99,USD
5978410,personal_offer_starter_pack,2023-01-09 22:12:05.236271+00:00,3.99,USD
5978410,personal_offer_low_coin,2023-01-15 13:28:06.215246+00:00,4.99,USD
5978410,personal_offer_unlimited_heart,2023-01-22 01:41:10.066287+00:00,5.99,USD
5978410,bundle_pack_2,2023-01-22 05:13:50.487844+00:00,6.99,USD
5978410,personal_offer_low_coin,2023-01-22 05:38:33.004026+00:00,4.99,USD
5978410,bundle_pack_1,2023-01-23 22:57:01.791985+00:00,1.99,USD
5978410,bundle_pack_2,2023-02-10 06:55:10.132696+00:00,6.99,USD
5978410,coin_pack_3,2023-02-10 06:56:47.220174+00:00,9.99,USD
5814994,bundle_pack_2,2023-01-04 13:14:36.803007+00:00,2.79,GBP
5814994,bundle_pack_3,2023-01-23 18:28:06.921395+00:00,5.49,GBP
6052747,coin_pack_1,2023-01-16 20:26:38.973422+00:00,0.89,GBP
6052747,coin_pack_1,2023-01-17 14:41:26.857128+00:00,0.89,GBP
6052747,coin_pack_1,2023-01-18 09:55:10.970805+00:00,0.89,GBP
6052747,coin_pack_1,2023-01-18 15:47:47.074236+00:00,0.89,GBP
6052747,coin_pack_1,2023-01-20 15:17:02.296316+00:00,0.89,GBP
6239061,golden_ticket_season_pass,2023-02-07 19:08:09.148467+00:00,10.99,EUR
5481706,bundle_pack_4,2023-01-04 09:59:16.700197+00:00,12.99,USD
5481706,coin_pack_3,2023-01-05 21:55:13.341676+00:00,7.99,USD
5481706,coin_pack_3,2023-01-06 09:50:39.968644+00:00,7.99,USD
5481706,bundle_pack_4,2023-01-03 19:27:24.957429+00:00,12.99,USD
5481706,personal_offer_low_coin,2023-01-06 20:01:40.630582+00:00,3.99,USD
5481706,bundle_pack_2,2023-01-08 11:46:36.984622+00:00,2.99,USD
5481706,coin_pack_2,2023-01-09 10:18:32.078154+00:00,2.99,USD
5481706,bundle_pack_3,2023-01-09 19:05:01.710639+00:00,6.49,USD
5481706,piggy_bank,2023-01-06 20:01:40.918961+00:00,1.49,USD
5481706,bundle_pack_3,2023-01-02 20:06:28.767310+00:00,6.49,USD
5481706,coin_pack_3,2023-01-08 19:04:24.141083+00:00,7.99,USD
5481706,bundle_pack_3,2023-01-03 09:42:27.934041+00:00,6.49,USD
5481706,bundle_pack_3,2023-01-01 20:22:17.207051+00:00,6.49,USD
5481706,coin_pack_1,2023-01-01 14:04:36.414949+00:00,0.99,USD
5481706,bundle_pack_3,2023-01-04 20:15:47.510784+00:00,6.49,USD
2917624,bundle_pack_2,2023-01-18 11:10:14.990824+00:00,2.99,USD
2917624,bundle_pack_2,2023-02-03 00:58:51.304893+00:00,2.99,USD
2917624,bundle_pack_1,2023-02-05 11:43:51.068329+00:00,1.49,USD
2917624,bundle_pack_1,2023-01-27 13:51:24.843987+00:00,1.49,USD
2917624,bundle_pack_2,2023-01-22 13:10:42.047177+00:00,2.99,USD
2917624,bundle_pack_3,2023-02-08 10:50:10.010561+00:00,6.49,USD
2917624,bundle_pack_3,2023-02-12 13:05:22.261026+00:00,6.49,USD
2917624,bundle_pack_2,2023-01-04 11:34:50.578245+00:00,2.99,USD
2917624,bundle_pack_2,2023-01-24 13:35:42.328823+00:00,2.99,USD
2917624,bundle_pack_3,2023-01-27 11:10:17.976221+00:00,6.49,USD
2917624,bundle_pack_2,2023-01-26 11:34:12.830547+00:00,2.99,USD
2917624,bundle_pack_2,2023-01-18 13:14:27.385246+00:00,2.99,USD
2917624,bundle_pack_2,2023-02-01 12:11:25.132720+00:00,2.99,USD
2917624,bundle_pack_1,2023-02-05 11:42:52.223424+00:00,1.49,USD
2917624,bundle_pack_3,2023-01-31 10:15:24.924397+00:00,6.49,USD
2917624,bundle_pack_2,2023-01-29 00:44:26.220196+00:00,2.99,USD
2917624,bundle_pack_3,2023-02-01 10:56:28.427731+00:00,6.49,USD
2917624,bundle_pack_2,2023-02-12 12:55:57.758861+00:00,2.99,USD
2917624,bundle_pack_1,2023-02-10 10:39:31.267120+00:00,1.49,USD
2917624,bundle_pack_1,2023-01-22 13:26:41.384978+00:00,1.49,USD
4996862,coin_pack_1,2023-01-28 18:19:14.595977+00:00,0.69,GBP
4996862,coin_pack_1,2023-01-10 19:41:59.076696+00:00,0.69,GBP
4996862,coin_pack_1,2023-01-31 19:00:56.964154+00:00,0.69,GBP
6265628,golden_ticket_season_pass,2023-02-08 18:02:38.528432+00:00,8.99,GBP
6165531,personal_offer_starter_big_bundle,2023-01-31 16:54:03.676721+00:00,7.99,USD
3390194,coin_pack_1,2023-01-21 10:24:15.187230+00:00,309.0,HUF
5812170,personal_offer_low_coin,2023-01-10 10:31:18.037889+00:00,7.99,AUD
5813049,coin_pack_2,2023-01-05 11:08:46.669312+00:00,3.29,EUR
5813049,bundle_pack_4,2023-01-05 12:59:06.478920+00:00,12.99,EUR
5813049,piggy_bank,2023-01-02 12:20:40.724752+00:00,1.69,EUR
5813049,piggy_bank,2023-01-15 14:45:43.180763+00:00,1.69,EUR
5813049,coin_pack_1,2023-01-01 13:25:39.804658+00:00,0.79,EUR
5813049,personal_offer_low_coin,2023-01-03 15:03:07.616378+00:00,4.19,EUR
5813049,piggy_bank,2023-01-10 10:44:15.478494+00:00,1.69,EUR
6265646,coin_pack_1,2023-02-08 15:25:49.400044+00:00,0.89,GBP
6119566,bundle_pack_2,2023-02-05 02:38:35.810583+00:00,2.99,USD
6119566,bundle_pack_2,2023-02-11 02:54:48.764729+00:00,2.99,USD
6119566,bundle_pack_2,2023-02-07 02:03:16.476762+00:00,2.99,USD
6119566,bundle_pack_2,2023-02-01 00:18:36.713023+00:00,2.99,USD
6119566,piggy_bank,2023-01-28 03:53:44.242666+00:00,1.49,USD
5374193,personal_offer_low_coin,2023-01-04 03:04:14.687371+00:00,43.0,NOK
5374193,piggy_bank,2023-01-16 23:11:45.382037+00:00,17.0,NOK
5374193,golden_ticket_season_pass,2023-01-17 01:21:11.163146+00:00,125.0,NOK
5664911,personal_offer_low_coin,2023-01-23 04:15:19.953995+00:00,3.99,USD
5664911,coin_pack_1,2023-01-23 06:16:35.656461+00:00,0.99,USD
5664911,coin_pack_1,2023-01-23 06:18:19.159638+00:00,0.99,USD
5664911,bundle_pack_1,2023-01-14 07:26:55.065332+00:00,1.49,USD
4806133,bundle_pack_2,2023-01-11 07:52:56.415577+00:00,2.99,USD
4806133,bundle_pack_2,2023-01-11 08:14:36.806914+00:00,2.99,USD
4806133,bundle_pack_2,2023-01-11 07:29:04.835206+00:00,2.99,USD
4806133,bundle_pack_2,2023-01-11 06:07:59.998489+00:00,2.99,USD
4806133,bundle_pack_2,2023-01-11 06:40:43.748261+00:00,2.99,USD
4806133,bundle_pack_2,2023-01-11 07:07:50.932841+00:00,2.99,USD
4806133,bundle_pack_2,2023-01-11 07:50:48.716333+00:00,2.99,USD
4806133,bundle_pack_2,2023-01-11 06:57:41.648604+00:00,2.99,USD
5933269,coin_pack_1_b,2023-01-07 11:49:47.540640+00:00,0.01,USD
5933269,coin_pack_1_b,2023-01-07 11:51:04.814444+00:00,0.01,USD
5933269,coin_pack_1_b,2023-01-07 11:51:37.727324+00:00,0.01,USD
3317769,coin_pack_1,2023-01-02 10:55:29.731702+00:00,0.79,EUR
3317769,coin_pack_1,2023-01-26 07:33:55.525687+00:00,0.79,EUR
3317769,coin_pack_1,2023-01-02 11:51:15.557524+00:00,0.79,EUR
3317769,coin_pack_1,2023-01-02 12:03:54.147493+00:00,0.79,EUR
3317769,coin_pack_1,2023-01-02 10:29:44.985958+00:00,0.79,EUR
3317769,coin_pack_1,2023-02-08 20:09:53.031925+00:00,0.79,EUR
3317769,coin_pack_1,2023-02-08 20:17:08.389729+00:00,0.79,EUR
3317769,coin_pack_1,2023-01-02 11:01:55.995727+00:00,0.79,EUR
3265117,bundle_pack_4,2023-02-08 20:42:36.962479+00:00,12.99,USD
3265117,golden_ticket_season_pass,2023-02-01 13:12:52.309194+00:00,9.99,USD
3265117,bundle_pack_5,2023-02-05 02:46:25.184737+00:00,23.99,USD
3265117,bundle_pack_4,2023-01-13 06:57:34.471374+00:00,12.99,USD
3265117,bundle_pack_4,2023-01-11 05:19:00.214365+00:00,12.99,USD
3265117,bundle_pack_5,2023-02-09 05:21:09.829455+00:00,23.99,USD
3265117,piggy_bank,2023-01-13 07:26:20.295353+00:00,1.49,USD
3265117,bundle_pack_4,2023-01-27 09:58:58.425574+00:00,12.99,USD
3265117,bundle_pack_5,2023-01-30 15:44:06.150954+00:00,23.99,USD
3265117,personal_offer_low_coin,2023-01-30 01:40:20.110464+00:00,3.99,USD
3265117,personal_offer_low_coin,2023-01-09 12:53:08.384341+00:00,3.99,USD
3265117,bundle_pack_4,2023-01-02 03:12:36.587790+00:00,12.99,USD
3265117,personal_offer_low_coin,2023-01-22 03:52:07.086914+00:00,3.99,USD
3265117,personal_offer_low_coin,2023-02-08 12:27:04.179867+00:00,3.99,USD
3265117,bundle_pack_4,2023-01-13 03:52:02.098088+00:00,12.99,USD
3265117,piggy_bank,2023-01-22 04:51:23.464160+00:00,1.49,USD
3265117,piggy_bank,2023-02-08 12:35:24.706700+00:00,1.49,USD
3265117,piggy_bank,2023-02-01 04:25:30.103747+00:00,1.49,USD
3265117,bundle_pack_4,2023-01-22 05:16:53.091247+00:00,12.99,USD
3265117,bundle_pack_4,2023-01-01 15:56:55.456585+00:00,12.99,USD
3265117,coin_pack_3,2023-01-09 05:01:25.504534+00:00,7.99,USD
3265117,bundle_pack_3,2023-01-22 15:51:54.038045+00:00,6.49,USD
3265117,bundle_pack_4,2023-02-07 09:45:18.266893+00:00,12.99,USD
4459425,coin_pack_1,2023-01-08 10:58:27.732361+00:00,0.89,GBP
5014376,coin_pack_1,2023-01-28 18:01:21.537409+00:00,0.99,USD
5014376,bundle_pack_1,2023-02-11 20:31:30.821503+00:00,1.99,USD
6191027,personal_offer_low_coin,2023-01-30 14:56:10.313357+00:00,4.99,USD
6191027,bundle_pack_1,2023-02-01 01:11:44.363428+00:00,1.99,USD
6191027,coin_pack_1,2023-02-01 02:01:51.059378+00:00,0.99,USD
6191027,coin_pack_1,2023-02-01 03:29:29.784894+00:00,0.99,USD
6191027,coin_pack_1,2023-02-01 06:55:19.217097+00:00,0.99,USD
6191027,coin_pack_1,2023-02-01 06:55:47.381820+00:00,0.99,USD
6191027,coin_pack_1,2023-02-05 01:25:43.613086+00:00,0.99,USD
6191027,coin_pack_1,2023-02-05 04:56:46.938139+00:00,0.99,USD
6191027,coin_pack_1,2023-02-05 04:56:59.419764+00:00,0.99,USD
6191027,coin_pack_1,2023-02-05 10:25:01.387819+00:00,0.99,USD
6191027,coin_pack_1,2023-02-05 10:25:45.156681+00:00,0.99,USD
6191027,coin_pack_1,2023-02-05 10:26:30.250293+00:00,0.99,USD
6191027,coin_pack_1,2023-02-05 10:26:42.463071+00:00,0.99,USD
6191027,coin_pack_1,2023-02-05 10:26:55.445574+00:00,0.99,USD
6191027,golden_ticket_season_pass,2023-02-08 14:40:35.365086+00:00,9.99,USD
6191027,personal_offer_low_coin,2023-02-09 09:20:52.135914+00:00,4.99,USD
5930479,personal_offer_low_coin,2023-02-08 05:57:55.336308+00:00,4.99,USD
6234114,bundle_pack_1,2023-02-07 19:33:55.346700+00:00,1.79,GBP
4143412,coin_pack_1,2023-01-28 11:18:49.058867+00:00,1.19,AUD
4143412,coin_pack_1,2023-02-03 10:17:10.355401+00:00,1.19,AUD
4143412,coin_pack_1,2023-02-03 09:08:50.900219+00:00,1.19,AUD
4143412,coin_pack_1,2023-02-03 08:03:00.068284+00:00,1.19,AUD
4247642,piggy_bank,2023-01-29 05:12:14.645898+00:00,1.69,EUR
4247642,piggy_bank,2023-01-15 19:23:07.806768+00:00,1.69,EUR
4247642,coin_pack_2,2023-01-05 04:55:20.971915+00:00,3.39,EUR
4247642,piggy_bank,2023-02-06 16:42:19.936087+00:00,1.69,EUR
5424651,coin_pack_1,2023-01-08 09:15:40.008833+00:00,9.0,DKK
5424651,coin_pack_1,2023-01-08 09:27:00.284890+00:00,9.0,DKK
5988691,coin_pack_1,2023-01-26 09:08:22.118976+00:00,0.69,GBP
5988691,bundle_pack_1,2023-01-18 18:33:53.069205+00:00,1.59,GBP
5988691,coin_pack_1,2023-01-14 18:37:42.364372+00:00,0.69,GBP
5988691,coin_pack_1,2023-01-15 08:49:06.599151+00:00,0.69,GBP
5988691,piggy_bank,2023-01-13 10:43:47.579743+00:00,1.39,GBP
3960674,coin_pack_1,2023-01-05 22:20:23.959511+00:00,1.19,EUR
3960674,coin_pack_1,2023-01-14 09:41:23.824707+00:00,1.19,EUR
3960674,coin_pack_1,2023-01-15 10:36:10.489930+00:00,1.19,EUR
3960674,coin_pack_1,2023-01-18 22:35:12.720756+00:00,1.19,EUR
3960674,coin_pack_1,2023-01-22 21:53:47.854729+00:00,1.19,EUR
4627239,piggy_bank,2023-02-02 10:06:40.745616+00:00,1.99,CAD
4627239,bundle_pack_1,2023-01-30 13:49:17.911340+00:00,1.99,CAD
4627239,bundle_pack_1,2023-01-19 01:15:01.291147+00:00,1.99,CAD
4627239,bundle_pack_1,2023-01-20 12:30:42.669566+00:00,1.99,CAD
4627239,bundle_pack_1,2023-02-08 14:08:46.092042+00:00,1.99,CAD
4627239,bundle_pack_1,2023-02-08 14:07:41.380623+00:00,1.99,CAD
4627239,bundle_pack_1,2023-01-21 12:54:20.553476+00:00,1.99,CAD
4627239,bundle_pack_1,2023-01-22 12:25:40.277090+00:00,1.99,CAD
4627239,bundle_pack_1,2023-01-14 07:30:37.565304+00:00,1.99,CAD
4627239,bundle_pack_1,2023-01-31 03:13:55.308782+00:00,1.99,CAD
4627239,bundle_pack_1,2023-01-03 14:24:50.382122+00:00,1.99,CAD
4627239,bundle_pack_1,2023-01-22 10:46:45.809132+00:00,1.99,CAD
4627239,bundle_pack_1,2023-01-01 07:08:37.201255+00:00,1.99,CAD
4627239,bundle_pack_1,2023-01-01 07:10:12.659693+00:00,1.99,CAD
4627239,bundle_pack_1,2023-01-24 15:29:03.961492+00:00,1.99,CAD
4627239,bundle_pack_1,2023-01-18 13:19:22.904830+00:00,1.99,CAD
4627239,piggy_bank,2023-01-04 03:48:44.853811+00:00,1.99,CAD
4627239,bundle_pack_1,2023-01-26 13:40:22.488609+00:00,1.99,CAD
4627239,bundle_pack_1,2023-01-31 03:12:54.191139+00:00,1.99,CAD
4627239,bundle_pack_1,2023-01-31 16:29:28.030888+00:00,1.99,CAD
4627239,bundle_pack_1,2023-01-14 20:29:14.542360+00:00,1.99,CAD
4627239,bundle_pack_1,2023-01-19 01:15:57.084160+00:00,1.99,CAD
4627239,piggy_bank,2023-01-27 01:02:06.259134+00:00,1.99,CAD
4627239,piggy_bank,2023-01-20 12:31:33.706576+00:00,1.99,CAD
1598523,coin_pack_2,2023-01-05 04:13:57.951636+00:00,7.99,AUD
1598523,coin_pack_2,2023-01-09 02:57:24.568073+00:00,7.99,AUD
1598523,golden_ticket_season_pass,2023-02-04 00:38:48.066639+00:00,14.99,AUD
1598523,personal_offer_low_coin,2023-02-04 04:06:33.461090+00:00,7.99,AUD
1598523,coin_pack_2,2023-02-12 01:05:53.718920+00:00,7.99,AUD
1598523,personal_offer_low_coin,2023-02-12 01:40:45.220201+00:00,7.99,AUD
3383648,personal_offer_low_coin,2023-02-05 19:11:49.890561+00:00,3.99,USD
3383648,coin_pack_3,2023-01-05 01:31:00.340222+00:00,7.99,USD
4919027,coin_pack_1,2023-02-05 16:55:10.705699+00:00,90.0,JPY
4919027,coin_pack_1,2023-02-06 10:17:50.715324+00:00,90.0,JPY
4919027,coin_pack_1,2023-02-06 10:12:15.785105+00:00,90.0,JPY
4919027,coin_pack_1,2023-02-04 09:11:34.479551+00:00,90.0,JPY
4919027,coin_pack_1,2023-02-06 10:00:56.835307+00:00,90.0,JPY
4919027,coin_pack_1,2023-02-07 02:50:52.428564+00:00,90.0,JPY
4919027,coin_pack_1,2023-02-05 15:43:41.959538+00:00,90.0,JPY
4919027,coin_pack_1,2023-02-06 10:01:53.128491+00:00,90.0,JPY
6003442,coin_pack_1,2023-01-17 17:18:24.420211+00:00,0.99,USD
6003442,piggy_bank,2023-01-13 21:42:24.305412+00:00,1.49,USD
6003442,coin_pack_2,2023-01-14 19:42:56.727972+00:00,2.99,USD
6003442,coin_pack_2,2023-01-19 21:06:12.303259+00:00,2.99,USD
6003442,bundle_pack_1,2023-01-21 16:23:22.518934+00:00,1.49,USD
6003442,coin_pack_2,2023-01-21 06:59:15.587856+00:00,2.99,USD
6003442,bundle_pack_2,2023-01-25 15:10:11.266712+00:00,2.99,USD
5834738,personal_offer_low_coin,2023-01-01 14:55:21.025494+00:00,4.99,USD
5834738,coin_pack_1,2023-01-03 10:15:18.480436+00:00,0.99,USD
5834738,coin_pack_2,2023-01-03 10:52:54.792704+00:00,4.99,USD
5834738,coin_pack_3,2023-01-03 11:14:27.064882+00:00,9.99,USD
5834738,coin_pack_3,2023-01-05 15:04:50.472791+00:00,9.99,USD
5834738,coin_pack_1,2023-01-07 14:33:34.726145+00:00,0.99,USD
5834738,personal_offer_low_coin,2023-01-07 14:37:51.108056+00:00,4.99,USD
5834738,coin_pack_2,2023-01-08 12:22:19.022795+00:00,4.99,USD
5834738,coin_pack_2,2023-01-09 11:30:53.667424+00:00,4.99,USD
5834738,coin_pack_2,2023-01-09 12:03:26.642105+00:00,4.99,USD
5870877,coin_pack_1,2023-01-03 18:54:55.415731+00:00,0.89,GBP
5741983,coin_pack_2,2023-02-08 13:14:46.076345+00:00,2.79,GBP
5741983,bundle_pack_3,2023-02-02 14:10:51.518708+00:00,5.49,GBP
5741983,bundle_pack_1,2023-01-27 17:16:50.046167+00:00,1.59,GBP
5741983,coin_pack_1,2023-02-08 14:43:52.804917+00:00,0.69,GBP
5741983,coin_pack_1,2023-02-05 20:46:37.621186+00:00,0.69,GBP
5741983,coin_pack_1,2023-02-12 11:12:21.618075+00:00,0.69,GBP
5741983,bundle_pack_1,2023-01-25 04:26:06.629459+00:00,1.59,GBP
5741983,bundle_pack_3,2023-01-25 05:20:40.465328+00:00,5.49,GBP
5741983,bundle_pack_2,2023-02-08 13:41:25.834832+00:00,2.79,GBP
5741983,coin_pack_1,2023-01-25 13:34:30.364745+00:00,0.69,GBP
4654609,coin_pack_1,2023-02-05 13:35:25.503221+00:00,0.99,USD
4654609,coin_pack_1,2023-02-11 22:32:55.557274+00:00,0.99,USD
4654609,coin_pack_1,2023-01-06 20:36:43.491745+00:00,0.99,USD
4654609,coin_pack_1,2023-01-02 19:27:50.589357+00:00,0.99,USD
4654609,coin_pack_1,2023-01-30 20:44:29.044595+00:00,0.99,USD
4654609,coin_pack_1,2023-02-05 13:50:02.631997+00:00,0.99,USD
4654609,coin_pack_1,2023-01-06 20:35:36.527092+00:00,0.99,USD
5558727,coin_pack_1,2023-01-02 19:41:27.072049+00:00,0.99,USD
5558727,coin_pack_1,2023-01-07 15:26:19.219679+00:00,0.99,USD
5558727,coin_pack_1,2023-01-07 16:11:43.972347+00:00,0.99,USD
5558727,coin_pack_1,2023-01-12 18:58:40.167913+00:00,0.99,USD
5558727,coin_pack_1,2023-01-15 19:36:54.856792+00:00,0.99,USD
5558727,coin_pack_1,2023-01-15 19:37:56.154003+00:00,0.99,USD
5558727,bundle_pack_2,2023-01-27 10:57:39.443870+00:00,6.99,USD
5558727,coin_pack_1,2023-01-27 11:16:24.510856+00:00,0.99,USD
5558727,coin_pack_1,2023-01-27 11:36:22.561738+00:00,0.99,USD
5558727,bundle_pack_2,2023-01-31 14:32:04.334316+00:00,6.99,USD
5558727,coin_pack_1,2023-01-31 14:39:33.466354+00:00,0.99,USD
5558727,coin_pack_2,2023-02-05 11:13:24.596448+00:00,4.99,USD
5558727,coin_pack_1,2023-02-05 11:29:44.371576+00:00,0.99,USD
5558727,coin_pack_1,2023-02-05 12:29:06.701997+00:00,0.99,USD
4641879,coin_pack_1,2023-01-27 12:03:26.527944+00:00,0.79,EUR
4539102,golden_ticket_season_pass,2023-02-01 10:34:28.228164+00:00,9.99,GBP
4539102,bundle_pack_2,2023-02-01 10:37:36.843822+00:00,2.79,GBP
6081360,personal_offer_low_coin,2023-02-11 08:20:57.006021+00:00,3.99,USD
6081360,bundle_pack_2,2023-01-27 12:18:35.768402+00:00,2.99,USD
6081360,bundle_pack_1,2023-01-22 16:20:28.856491+00:00,1.49,USD
6081360,bundle_pack_2,2023-01-22 14:49:19.202105+00:00,2.99,USD
6081360,personal_offer_low_coin,2023-01-20 03:55:11.720066+00:00,3.99,USD
6081360,piggy_bank,2023-02-10 14:34:59.710116+00:00,1.49,USD
6115295,personal_offer_low_coin,2023-01-25 04:03:47.637418+00:00,4.19,EUR
5940911,personal_offer_starter_pack,2023-01-04 13:26:39.320685+00:00,1.99,USD
5438755,coin_pack_1,2023-01-19 13:29:05.097262+00:00,0.79,EUR
5678422,bundle_pack_2,2023-01-06 09:59:32.708656+00:00,10.99,AUD
5678422,bundle_pack_1,2023-01-11 09:09:56.194432+00:00,2.99,AUD
5678422,bundle_pack_2,2023-01-12 10:03:58.941738+00:00,10.99,AUD
5678422,bundle_pack_2,2023-01-13 08:00:35.207335+00:00,10.99,AUD
5678422,bundle_pack_2,2023-01-13 10:09:18.876288+00:00,10.99,AUD
5678422,bundle_pack_2,2023-01-14 03:26:58.831758+00:00,10.99,AUD
5678422,bundle_pack_2,2023-01-15 07:54:25.270355+00:00,10.99,AUD
5678422,bundle_pack_2,2023-01-16 07:50:52.577133+00:00,10.99,AUD
5678422,personal_offer_low_coin,2023-01-17 10:13:26.473521+00:00,7.99,AUD
5678422,bundle_pack_2,2023-01-18 07:40:20.151992+00:00,10.99,AUD
5678422,bundle_pack_2,2023-01-19 07:57:37.967233+00:00,10.99,AUD
6291297,personal_offer_starter_pack,2023-02-12 11:31:22.133873+00:00,1.99,USD
5790450,bundle_pack_1,2023-01-23 10:50:51.639346+00:00,2.99,AUD
5790450,bundle_pack_1,2023-02-09 12:43:59.332514+00:00,2.99,AUD
6248998,piggy_bank,2023-02-06 01:55:06.444773+00:00,1.49,USD
5861414,coin_pack_1,2023-01-12 07:24:02.743216+00:00,11000.0,IDR
5861414,coin_pack_1,2023-01-11 15:20:17.660110+00:00,11000.0,IDR
5861414,coin_pack_1,2023-01-12 07:04:06.942717+00:00,11000.0,IDR
6039515,coin_pack_1,2023-01-15 05:28:51.101013+00:00,1.49,AUD
6039515,coin_pack_1,2023-01-15 05:37:46.786007+00:00,1.49,AUD
6039515,coin_pack_1,2023-01-16 03:42:55.995029+00:00,1.49,AUD
6039515,coin_pack_1,2023-01-16 06:35:54.152887+00:00,1.49,AUD
6039515,coin_pack_1,2023-01-17 04:24:12.430241+00:00,1.49,AUD
6039515,coin_pack_1,2023-01-19 05:44:22.120328+00:00,1.49,AUD
6039515,coin_pack_1,2023-01-20 07:04:29.682657+00:00,1.49,AUD
6039515,coin_pack_1,2023-01-20 07:25:14.018310+00:00,1.49,AUD
6039515,coin_pack_1,2023-01-21 06:49:31.727453+00:00,1.49,AUD
6039515,coin_pack_1,2023-01-22 00:40:45.703626+00:00,1.49,AUD
6039515,coin_pack_1,2023-01-22 03:14:51.449520+00:00,1.49,AUD
6039515,coin_pack_1,2023-01-23 04:50:47.951288+00:00,1.49,AUD
6039515,coin_pack_1,2023-01-25 07:05:31.625750+00:00,1.49,AUD
6039515,coin_pack_1,2023-01-26 07:03:37.490130+00:00,1.49,AUD
6039515,coin_pack_1,2023-01-26 07:16:21.553841+00:00,1.49,AUD
6039515,coin_pack_1,2023-01-27 05:13:47.332343+00:00,1.49,AUD
6039515,coin_pack_1,2023-01-28 03:23:34.088462+00:00,1.49,AUD
6039515,coin_pack_1,2023-01-28 03:24:32.948062+00:00,1.49,AUD
6039515,coin_pack_1,2023-01-28 04:23:27.936819+00:00,1.49,AUD
6039515,coin_pack_1,2023-01-28 07:48:29.815909+00:00,1.49,AUD
6039515,coin_pack_1,2023-01-29 03:28:41.452177+00:00,1.49,AUD
6039515,coin_pack_1,2023-01-31 05:58:54.972725+00:00,1.49,AUD
6039515,coin_pack_1,2023-02-01 05:34:27.686989+00:00,1.49,AUD
6039515,coin_pack_1,2023-02-01 05:47:05.207001+00:00,1.49,AUD
6039515,coin_pack_1,2023-02-01 05:48:12.905091+00:00,1.49,AUD
6039515,coin_pack_1,2023-02-02 05:12:14.665683+00:00,1.49,AUD
6039515,coin_pack_1,2023-02-06 06:02:13.669839+00:00,1.49,AUD
6039515,coin_pack_1,2023-02-06 06:10:28.269834+00:00,1.49,AUD
6039515,coin_pack_1,2023-02-07 09:12:01.854748+00:00,1.49,AUD
6039515,coin_pack_1,2023-02-09 05:05:24.473890+00:00,1.49,AUD
6039515,coin_pack_1,2023-02-09 09:53:46.549177+00:00,1.49,AUD
6039515,coin_pack_1,2023-02-10 07:18:02.151463+00:00,1.49,AUD
6039515,coin_pack_1,2023-02-10 07:23:45.060155+00:00,1.49,AUD
6039515,coin_pack_1,2023-02-11 07:22:11.889996+00:00,1.49,AUD
6039515,coin_pack_1,2023-02-11 07:33:49.456669+00:00,1.49,AUD
6039515,coin_pack_1,2023-02-11 07:34:22.957125+00:00,1.49,AUD
4883100,coin_pack_1,2023-01-15 12:21:03.140452+00:00,0.89,GBP
4883100,coin_pack_1,2023-02-08 19:43:15.155657+00:00,0.89,GBP
5586585,bundle_pack_1,2023-01-04 20:37:10.916347+00:00,1.99,USD
5586585,bundle_pack_1,2023-01-11 11:08:38.631089+00:00,1.99,USD
4660312,bundle_pack_1,2023-01-05 15:34:12.354350+00:00,1.79,EUR
4660312,bundle_pack_1,2023-01-26 00:52:51.933778+00:00,1.79,EUR
4660312,bundle_pack_1,2023-02-01 17:13:35.195756+00:00,1.79,EUR
4880688,bundle_pack_2,2023-01-06 11:50:52.387655+00:00,10.99,AUD
4880688,golden_ticket_season_pass,2023-01-06 11:55:48.110391+00:00,14.99,AUD
4880688,bundle_pack_2,2023-01-06 11:59:34.478635+00:00,10.99,AUD
4880688,bundle_pack_2,2023-01-06 12:15:34.840471+00:00,10.99,AUD
4880688,coin_pack_1,2023-01-06 12:32:16.579665+00:00,1.49,AUD
4880688,bundle_pack_3,2023-01-18 10:53:49.613562+00:00,24.99,AUD
6058508,coin_pack_2,2023-02-04 19:36:36.339388+00:00,2.99,USD
6058508,coin_pack_1,2023-02-11 00:52:58.411888+00:00,0.99,USD
6058508,coin_pack_1,2023-02-06 16:31:54.259052+00:00,0.99,USD
6058508,coin_pack_1,2023-02-06 16:50:19.993575+00:00,0.99,USD
6058508,coin_pack_2,2023-02-04 19:37:34.164248+00:00,2.99,USD
6058508,coin_pack_1,2023-02-10 11:00:45.744469+00:00,0.99,USD
6058508,bundle_pack_1,2023-02-11 00:52:00.932713+00:00,1.49,USD
6058508,coin_pack_1,2023-02-03 11:08:07.607437+00:00,0.99,USD
6058508,coin_pack_2,2023-02-04 19:31:20.888325+00:00,2.99,USD
6058508,coin_pack_1,2023-02-03 10:55:30.678183+00:00,0.99,USD
6058508,coin_pack_1,2023-02-04 19:30:29.944367+00:00,0.99,USD
6058508,coin_pack_2,2023-02-04 19:49:48.592254+00:00,2.99,USD
5909515,piggy_bank,2023-01-01 20:26:42.802576+00:00,1.73,EUR
6026264,personal_offer_starter_pack,2023-01-14 15:57:07.445195+00:00,35.0,DKK
6026264,personal_offer_low_coin,2023-01-22 07:08:02.834418+00:00,45.0,DKK
6144063,bundle_pack_1,2023-01-26 13:15:46.610941+00:00,1.99,CAD
6144063,bundle_pack_1,2023-01-26 13:37:06.765461+00:00,1.99,CAD
5431108,coin_pack_1,2023-01-30 12:08:50.721670+00:00,1.49,AUD
6091320,bundle_pack_1,2023-01-22 03:27:26.782273+00:00,1.99,USD
6091320,bundle_pack_2,2023-01-22 03:31:16.833602+00:00,6.99,USD
6091320,bundle_pack_1,2023-01-22 19:41:46.533261+00:00,1.99,USD
6091320,bundle_pack_1,2023-01-26 17:28:24.962351+00:00,1.99,USD
6189839,piggy_bank,2023-02-01 17:05:41.092361+00:00,1.69,EUR
3115622,coin_pack_1,2023-02-01 15:07:52.479379+00:00,0.79,EUR
6103448,golden_ticket_season_pass,2023-01-22 04:37:11.626968+00:00,15.99,AUD
6103448,bundle_pack_2,2023-01-22 13:27:15.454582+00:00,4.89,AUD
6103448,coin_pack_1,2023-01-24 13:35:49.561471+00:00,1.19,AUD
6103448,coin_pack_1,2023-01-29 05:43:53.720051+00:00,1.19,AUD
6049546,personal_offer_starter_pack,2023-01-16 02:48:41.147930+00:00,1.99,USD
6049546,bundle_pack_4,2023-01-19 02:24:16.826634+00:00,12.99,USD
6049546,bundle_pack_4,2023-01-16 22:40:20.025760+00:00,12.99,USD
6049546,bundle_pack_4,2023-01-19 02:24:46.538497+00:00,12.99,USD
6118709,personal_offer_unlimited_heart,2023-01-30 11:17:19.202113+00:00,4.99,GBP
6118709,bundle_pack_1,2023-02-05 09:40:22.109375+00:00,1.79,GBP
6192198,bundle_pack_1,2023-02-02 18:28:07.265954+00:00,1.79,EUR
6209399,personal_offer_starter_pack,2023-02-02 08:14:23.127908+00:00,2.59,EUR
6209399,golden_ticket_season_pass,2023-02-11 14:47:18.141771+00:00,10.99,EUR
5171028,coin_pack_1,2023-01-25 08:22:49.272750+00:00,9.0,SEK
5018833,bundle_pack_1,2023-01-04 23:58:33.713948+00:00,1.99,USD
5964679,coin_pack_1,2023-02-01 13:13:21.851011+00:00,0.99,USD
5964679,bundle_pack_2,2023-02-01 13:03:59.490415+00:00,2.99,USD
5964679,bundle_pack_1,2023-02-01 13:13:43.680081+00:00,1.49,USD
5964679,coin_pack_1,2023-01-19 13:51:50.503887+00:00,0.99,USD
5964679,bundle_pack_1,2023-02-04 23:15:25.865344+00:00,1.49,USD
5964679,coin_pack_1,2023-01-20 15:43:32.899227+00:00,0.99,USD
4756103,golden_ticket_season_pass,2023-02-03 14:45:07.543052+00:00,9.99,USD
